insert into Document (id) values (50);
insert into Revision (id, document_id, created, createdBy, modified, modifiedBy, content) values (50, 50, '2010-01-01', 'sbryzak', null, null, 'Set adjacent to Grand Central Square, this magnificent concert hall can seat up to 50000 people');

insert into Document (id) values (51);
insert into Revision (id, document_id, created, createdBy, modified, modifiedBy, content) values (51, 51, '2010-01-01', 'sbryzak', null, null, '');

insert into Venue (id, name, address, description_id) values (1, 'City Central Concert Hall', '123 Main St, Metropolis', 50);
update Document set revision_id = 50 where id = 50;

insert into VenueLayout (id, venue_id, name, capacity) values (1, 1, 'Default Layout', 30000);
insert into Section (id, name, description, capacity, layout_id) values (1, 'A', 'Premier platinum reserve', 4000, 1);
insert into Section (id, name, description, capacity, layout_id) values (2, 'B', 'Premier gold reserve', 4000, 1);
insert into Section (id, name, description, capacity, layout_id) values (3, 'C', 'Premier silver reserve', 6000, 1);
insert into Section (id, name, description, capacity, layout_id) values (4, 'D', 'General', 16000, 1);

insert into Venue (id, name, address, description_id) values (2, 'Sydney Opera House', 'Macquarie St Sydney', 51);
update Document set revision_id = 51 where id = 51;

insert into VenueLayout (id, venue_id, name, capacity) values (2, 2, 'Default Layout', 18000);
insert into Section (id, name, description, capacity, layout_id) values (100, 'S1', 'Front left', 2500, 2);
insert into Section (id, name, description, capacity, layout_id) values (101, 'S2', 'Front centre', 2500, 2);
insert into Section (id, name, description, capacity, layout_id) values (102, 'S3', 'Front right', 2500, 2);
insert into Section (id, name, description, capacity, layout_id) values (103, 'S4', 'Rear left', 2500, 2);
insert into Section (id, name, description, capacity, layout_id) values (104, 'S5', 'Rear centre', 2500, 2);
insert into Section (id, name, description, capacity, layout_id) values (105, 'S6', 'Rear right', 2500, 2);
insert into Section (id, name, description, capacity, layout_id) values (106, 'S7', 'Balcony', 30, 2);

insert into SectionRow(id, name, capacity, section_id) values (1, 'AA', 50, 100);
insert into SectionRow(id, name, capacity, section_id) values (2, 'AB', 50, 100);
insert into SectionRow(id, name, capacity, section_id) values (3, 'AC', 50, 100);
insert into SectionRow(id, name, capacity, section_id) values (4, 'AD', 50, 100);
insert into SectionRow(id, name, capacity, section_id) values (5, 'AE', 50, 100);
insert into SectionRow(id, name, capacity, section_id) values (6, 'AF', 50, 100);
insert into SectionRow(id, name, capacity, section_id) values (7, 'AG', 50, 100);
insert into SectionRow(id, name, capacity, section_id) values (8, 'AH', 50, 100);
insert into SectionRow(id, name, capacity, section_id) values (9, 'AI', 50, 100);
insert into SectionRow(id, name, capacity, section_id) values (10, 'AJ', 50, 100);
insert into SectionRow(id, name, capacity, section_id) values (11, 'AK', 50, 100);
insert into SectionRow(id, name, capacity, section_id) values (12, 'AL', 50, 100);
insert into SectionRow(id, name, capacity, section_id) values (13, 'AM', 50, 100);
insert into SectionRow(id, name, capacity, section_id) values (14, 'AN', 50, 100);
insert into SectionRow(id, name, capacity, section_id) values (15, 'AO', 50, 100);
insert into SectionRow(id, name, capacity, section_id) values (16, 'AP', 50, 100);
insert into SectionRow(id, name, capacity, section_id) values (17, 'AQ', 50, 100);
insert into SectionRow(id, name, capacity, section_id) values (18, 'AR', 50, 100);
insert into SectionRow(id, name, capacity, section_id) values (19, 'AS', 50, 100);
insert into SectionRow(id, name, capacity, section_id) values (20, 'AT', 50, 100);
insert into SectionRow(id, name, capacity, section_id) values (21, 'AU', 50, 100);
insert into SectionRow(id, name, capacity, section_id) values (22, 'AV', 50, 100);
insert into SectionRow(id, name, capacity, section_id) values (23, 'AW', 50, 100);
insert into SectionRow(id, name, capacity, section_id) values (24, 'AX', 50, 100);
insert into SectionRow(id, name, capacity, section_id) values (25, 'AY', 50, 100);
insert into SectionRow(id, name, capacity, section_id) values (26, 'AZ', 50, 100);
insert into SectionRow(id, name, capacity, section_id) values (27, 'BA', 50, 100);
insert into SectionRow(id, name, capacity, section_id) values (28, 'BB', 50, 100);
insert into SectionRow(id, name, capacity, section_id) values (29, 'BC', 50, 100);
insert into SectionRow(id, name, capacity, section_id) values (30, 'BD', 50, 100);
insert into SectionRow(id, name, capacity, section_id) values (31, 'BE', 50, 100);
insert into SectionRow(id, name, capacity, section_id) values (32, 'BF', 50, 100);
insert into SectionRow(id, name, capacity, section_id) values (33, 'BG', 50, 100);
insert into SectionRow(id, name, capacity, section_id) values (34, 'BH', 50, 100);
insert into SectionRow(id, name, capacity, section_id) values (35, 'BI', 50, 100);
insert into SectionRow(id, name, capacity, section_id) values (36, 'BJ', 50, 100);
insert into SectionRow(id, name, capacity, section_id) values (37, 'BK', 50, 100);
insert into SectionRow(id, name, capacity, section_id) values (38, 'BL', 50, 100);
insert into SectionRow(id, name, capacity, section_id) values (39, 'BM', 50, 100);
insert into SectionRow(id, name, capacity, section_id) values (40, 'BN', 50, 100);
insert into SectionRow(id, name, capacity, section_id) values (41, 'BO', 50, 100);
insert into SectionRow(id, name, capacity, section_id) values (42, 'BP', 50, 100);
insert into SectionRow(id, name, capacity, section_id) values (43, 'BQ', 50, 100);
insert into SectionRow(id, name, capacity, section_id) values (44, 'BR', 50, 100);
insert into SectionRow(id, name, capacity, section_id) values (45, 'BS', 50, 100);
insert into SectionRow(id, name, capacity, section_id) values (46, 'BT', 50, 100);
insert into SectionRow(id, name, capacity, section_id) values (47, 'BU', 50, 100);
insert into SectionRow(id, name, capacity, section_id) values (48, 'BV', 50, 100);
insert into SectionRow(id, name, capacity, section_id) values (49, 'BW', 50, 100);
insert into SectionRow(id, name, capacity, section_id) values (50, 'BX', 50, 100);

insert into SectionRow(id, name, capacity, section_id) values (51, 'AA', 50, 101);
insert into SectionRow(id, name, capacity, section_id) values (52, 'AB', 50, 101);
insert into SectionRow(id, name, capacity, section_id) values (53, 'AC', 50, 101);
insert into SectionRow(id, name, capacity, section_id) values (54, 'AD', 50, 101);
insert into SectionRow(id, name, capacity, section_id) values (55, 'AE', 50, 101);
insert into SectionRow(id, name, capacity, section_id) values (56, 'AF', 50, 101);
insert into SectionRow(id, name, capacity, section_id) values (57, 'AG', 50, 101);
insert into SectionRow(id, name, capacity, section_id) values (58, 'AH', 50, 101);
insert into SectionRow(id, name, capacity, section_id) values (59, 'AI', 50, 101);
insert into SectionRow(id, name, capacity, section_id) values (60, 'AJ', 50, 101);
insert into SectionRow(id, name, capacity, section_id) values (61, 'AK', 50, 101);
insert into SectionRow(id, name, capacity, section_id) values (62, 'AL', 50, 101);
insert into SectionRow(id, name, capacity, section_id) values (63, 'AM', 50, 101);
insert into SectionRow(id, name, capacity, section_id) values (64, 'AN', 50, 101);
insert into SectionRow(id, name, capacity, section_id) values (65, 'AO', 50, 101);
insert into SectionRow(id, name, capacity, section_id) values (66, 'AP', 50, 101);
insert into SectionRow(id, name, capacity, section_id) values (67, 'AQ', 50, 101);
insert into SectionRow(id, name, capacity, section_id) values (68, 'AR', 50, 101);
insert into SectionRow(id, name, capacity, section_id) values (69, 'AS', 50, 101);
insert into SectionRow(id, name, capacity, section_id) values (70, 'AT', 50, 101);
insert into SectionRow(id, name, capacity, section_id) values (71, 'AU', 50, 101);
insert into SectionRow(id, name, capacity, section_id) values (72, 'AV', 50, 101);
insert into SectionRow(id, name, capacity, section_id) values (73, 'AW', 50, 101);
insert into SectionRow(id, name, capacity, section_id) values (74, 'AX', 50, 101);
insert into SectionRow(id, name, capacity, section_id) values (75, 'AY', 50, 101);
insert into SectionRow(id, name, capacity, section_id) values (76, 'AZ', 50, 101);
insert into SectionRow(id, name, capacity, section_id) values (77, 'BA', 50, 101);
insert into SectionRow(id, name, capacity, section_id) values (78, 'BB', 50, 101);
insert into SectionRow(id, name, capacity, section_id) values (79, 'BC', 50, 101);
insert into SectionRow(id, name, capacity, section_id) values (80, 'BD', 50, 101);
insert into SectionRow(id, name, capacity, section_id) values (81, 'BE', 50, 101);
insert into SectionRow(id, name, capacity, section_id) values (82, 'BF', 50, 101);
insert into SectionRow(id, name, capacity, section_id) values (83, 'BG', 50, 101);
insert into SectionRow(id, name, capacity, section_id) values (84, 'BH', 50, 101);
insert into SectionRow(id, name, capacity, section_id) values (85, 'BI', 50, 101);
insert into SectionRow(id, name, capacity, section_id) values (86, 'BJ', 50, 101);
insert into SectionRow(id, name, capacity, section_id) values (87, 'BK', 50, 101);
insert into SectionRow(id, name, capacity, section_id) values (88, 'BL', 50, 101);
insert into SectionRow(id, name, capacity, section_id) values (89, 'BM', 50, 101);
insert into SectionRow(id, name, capacity, section_id) values (90, 'BN', 50, 101);
insert into SectionRow(id, name, capacity, section_id) values (91, 'BO', 50, 101);
insert into SectionRow(id, name, capacity, section_id) values (92, 'BP', 50, 101);
insert into SectionRow(id, name, capacity, section_id) values (93, 'BQ', 50, 101);
insert into SectionRow(id, name, capacity, section_id) values (94, 'BR', 50, 101);
insert into SectionRow(id, name, capacity, section_id) values (95, 'BS', 50, 101);
insert into SectionRow(id, name, capacity, section_id) values (96, 'BT', 50, 101);
insert into SectionRow(id, name, capacity, section_id) values (97, 'BU', 50, 101);
insert into SectionRow(id, name, capacity, section_id) values (98, 'BV', 50, 101);
insert into SectionRow(id, name, capacity, section_id) values (99, 'BW', 50, 101);
insert into SectionRow(id, name, capacity, section_id) values (100, 'BX', 50, 101);

insert into SectionRow(id, name, capacity, section_id) values (101, 'AA', 50, 102);
insert into SectionRow(id, name, capacity, section_id) values (102, 'AB', 50, 102);
insert into SectionRow(id, name, capacity, section_id) values (103, 'AC', 50, 102);
insert into SectionRow(id, name, capacity, section_id) values (104, 'AD', 50, 102);
insert into SectionRow(id, name, capacity, section_id) values (105, 'AE', 50, 102);
insert into SectionRow(id, name, capacity, section_id) values (106, 'AF', 50, 102);
insert into SectionRow(id, name, capacity, section_id) values (107, 'AG', 50, 102);
insert into SectionRow(id, name, capacity, section_id) values (108, 'AH', 50, 102);
insert into SectionRow(id, name, capacity, section_id) values (109, 'AI', 50, 102);
insert into SectionRow(id, name, capacity, section_id) values (110, 'AJ', 50, 102);
insert into SectionRow(id, name, capacity, section_id) values (111, 'AK', 50, 102);
insert into SectionRow(id, name, capacity, section_id) values (112, 'AL', 50, 102);
insert into SectionRow(id, name, capacity, section_id) values (113, 'AM', 50, 102);
insert into SectionRow(id, name, capacity, section_id) values (114, 'AN', 50, 102);
insert into SectionRow(id, name, capacity, section_id) values (115, 'AO', 50, 102);
insert into SectionRow(id, name, capacity, section_id) values (116, 'AP', 50, 102);
insert into SectionRow(id, name, capacity, section_id) values (117, 'AQ', 50, 102);
insert into SectionRow(id, name, capacity, section_id) values (118, 'AR', 50, 102);
insert into SectionRow(id, name, capacity, section_id) values (119, 'AS', 50, 102);
insert into SectionRow(id, name, capacity, section_id) values (120, 'AT', 50, 102);
insert into SectionRow(id, name, capacity, section_id) values (121, 'AU', 50, 102);
insert into SectionRow(id, name, capacity, section_id) values (122, 'AV', 50, 102);
insert into SectionRow(id, name, capacity, section_id) values (123, 'AW', 50, 102);
insert into SectionRow(id, name, capacity, section_id) values (124, 'AX', 50, 102);
insert into SectionRow(id, name, capacity, section_id) values (125, 'AY', 50, 102);
insert into SectionRow(id, name, capacity, section_id) values (126, 'AZ', 50, 102);
insert into SectionRow(id, name, capacity, section_id) values (127, 'BA', 50, 102);
insert into SectionRow(id, name, capacity, section_id) values (128, 'BB', 50, 102);
insert into SectionRow(id, name, capacity, section_id) values (129, 'BC', 50, 102);
insert into SectionRow(id, name, capacity, section_id) values (130, 'BD', 50, 102);
insert into SectionRow(id, name, capacity, section_id) values (131, 'BE', 50, 102);
insert into SectionRow(id, name, capacity, section_id) values (132, 'BF', 50, 102);
insert into SectionRow(id, name, capacity, section_id) values (133, 'BG', 50, 102);
insert into SectionRow(id, name, capacity, section_id) values (134, 'BH', 50, 102);
insert into SectionRow(id, name, capacity, section_id) values (135, 'BI', 50, 102);
insert into SectionRow(id, name, capacity, section_id) values (136, 'BJ', 50, 102);
insert into SectionRow(id, name, capacity, section_id) values (137, 'BK', 50, 102);
insert into SectionRow(id, name, capacity, section_id) values (138, 'BL', 50, 102);
insert into SectionRow(id, name, capacity, section_id) values (139, 'BM', 50, 102);
insert into SectionRow(id, name, capacity, section_id) values (140, 'BN', 50, 102);
insert into SectionRow(id, name, capacity, section_id) values (141, 'BO', 50, 102);
insert into SectionRow(id, name, capacity, section_id) values (142, 'BP', 50, 102);
insert into SectionRow(id, name, capacity, section_id) values (143, 'BQ', 50, 102);
insert into SectionRow(id, name, capacity, section_id) values (144, 'BR', 50, 102);
insert into SectionRow(id, name, capacity, section_id) values (145, 'BS', 50, 102);
insert into SectionRow(id, name, capacity, section_id) values (146, 'BT', 50, 102);
insert into SectionRow(id, name, capacity, section_id) values (147, 'BU', 50, 102);
insert into SectionRow(id, name, capacity, section_id) values (148, 'BV', 50, 102);
insert into SectionRow(id, name, capacity, section_id) values (149, 'BW', 50, 102);
insert into SectionRow(id, name, capacity, section_id) values (150, 'BX', 50, 102);

insert into SectionRow(id, name, capacity, section_id) values (151, 'AA', 50, 103);
insert into SectionRow(id, name, capacity, section_id) values (152, 'AB', 50, 103);
insert into SectionRow(id, name, capacity, section_id) values (153, 'AC', 50, 103);
insert into SectionRow(id, name, capacity, section_id) values (154, 'AD', 50, 103);
insert into SectionRow(id, name, capacity, section_id) values (155, 'AE', 50, 103);
insert into SectionRow(id, name, capacity, section_id) values (156, 'AF', 50, 103);
insert into SectionRow(id, name, capacity, section_id) values (157, 'AG', 50, 103);
insert into SectionRow(id, name, capacity, section_id) values (158, 'AH', 50, 103);
insert into SectionRow(id, name, capacity, section_id) values (159, 'AI', 50, 103);
insert into SectionRow(id, name, capacity, section_id) values (160, 'AJ', 50, 103);
insert into SectionRow(id, name, capacity, section_id) values (161, 'AK', 50, 103);
insert into SectionRow(id, name, capacity, section_id) values (162, 'AL', 50, 103);
insert into SectionRow(id, name, capacity, section_id) values (163, 'AM', 50, 103);
insert into SectionRow(id, name, capacity, section_id) values (164, 'AN', 50, 103);
insert into SectionRow(id, name, capacity, section_id) values (165, 'AO', 50, 103);
insert into SectionRow(id, name, capacity, section_id) values (166, 'AP', 50, 103);
insert into SectionRow(id, name, capacity, section_id) values (167, 'AQ', 50, 103);
insert into SectionRow(id, name, capacity, section_id) values (168, 'AR', 50, 103);
insert into SectionRow(id, name, capacity, section_id) values (169, 'AS', 50, 103);
insert into SectionRow(id, name, capacity, section_id) values (170, 'AT', 50, 103);
insert into SectionRow(id, name, capacity, section_id) values (171, 'AU', 50, 103);
insert into SectionRow(id, name, capacity, section_id) values (172, 'AV', 50, 103);
insert into SectionRow(id, name, capacity, section_id) values (173, 'AW', 50, 103);
insert into SectionRow(id, name, capacity, section_id) values (174, 'AX', 50, 103);
insert into SectionRow(id, name, capacity, section_id) values (175, 'AY', 50, 103);
insert into SectionRow(id, name, capacity, section_id) values (176, 'AZ', 50, 103);
insert into SectionRow(id, name, capacity, section_id) values (177, 'BA', 50, 103);
insert into SectionRow(id, name, capacity, section_id) values (178, 'BB', 50, 103);
insert into SectionRow(id, name, capacity, section_id) values (179, 'BC', 50, 103);
insert into SectionRow(id, name, capacity, section_id) values (180, 'BD', 50, 103);
insert into SectionRow(id, name, capacity, section_id) values (181, 'BE', 50, 103);
insert into SectionRow(id, name, capacity, section_id) values (182, 'BF', 50, 103);
insert into SectionRow(id, name, capacity, section_id) values (183, 'BG', 50, 103);
insert into SectionRow(id, name, capacity, section_id) values (184, 'BH', 50, 103);
insert into SectionRow(id, name, capacity, section_id) values (185, 'BI', 50, 103);
insert into SectionRow(id, name, capacity, section_id) values (186, 'BJ', 50, 103);
insert into SectionRow(id, name, capacity, section_id) values (187, 'BK', 50, 103);
insert into SectionRow(id, name, capacity, section_id) values (188, 'BL', 50, 103);
insert into SectionRow(id, name, capacity, section_id) values (189, 'BM', 50, 103);
insert into SectionRow(id, name, capacity, section_id) values (190, 'BN', 50, 103);
insert into SectionRow(id, name, capacity, section_id) values (191, 'BO', 50, 103);
insert into SectionRow(id, name, capacity, section_id) values (192, 'BP', 50, 103);
insert into SectionRow(id, name, capacity, section_id) values (193, 'BQ', 50, 103);
insert into SectionRow(id, name, capacity, section_id) values (194, 'BR', 50, 103);
insert into SectionRow(id, name, capacity, section_id) values (195, 'BS', 50, 103);
insert into SectionRow(id, name, capacity, section_id) values (196, 'BT', 50, 103);
insert into SectionRow(id, name, capacity, section_id) values (197, 'BU', 50, 103);
insert into SectionRow(id, name, capacity, section_id) values (198, 'BV', 50, 103);
insert into SectionRow(id, name, capacity, section_id) values (199, 'BW', 50, 103);
insert into SectionRow(id, name, capacity, section_id) values (200, 'BX', 50, 103);

insert into SectionRow(id, name, capacity, section_id) values (201, 'AA', 50, 104);
insert into SectionRow(id, name, capacity, section_id) values (202, 'AB', 50, 104);
insert into SectionRow(id, name, capacity, section_id) values (203, 'AC', 50, 104);
insert into SectionRow(id, name, capacity, section_id) values (204, 'AD', 50, 104);
insert into SectionRow(id, name, capacity, section_id) values (205, 'AE', 50, 104);
insert into SectionRow(id, name, capacity, section_id) values (206, 'AF', 50, 104);
insert into SectionRow(id, name, capacity, section_id) values (207, 'AG', 50, 104);
insert into SectionRow(id, name, capacity, section_id) values (208, 'AH', 50, 104);
insert into SectionRow(id, name, capacity, section_id) values (209, 'AI', 50, 104);
insert into SectionRow(id, name, capacity, section_id) values (210, 'AJ', 50, 104);
insert into SectionRow(id, name, capacity, section_id) values (211, 'AK', 50, 104);
insert into SectionRow(id, name, capacity, section_id) values (212, 'AL', 50, 104);
insert into SectionRow(id, name, capacity, section_id) values (213, 'AM', 50, 104);
insert into SectionRow(id, name, capacity, section_id) values (214, 'AN', 50, 104);
insert into SectionRow(id, name, capacity, section_id) values (215, 'AO', 50, 104);
insert into SectionRow(id, name, capacity, section_id) values (216, 'AP', 50, 104);
insert into SectionRow(id, name, capacity, section_id) values (217, 'AQ', 50, 104);
insert into SectionRow(id, name, capacity, section_id) values (218, 'AR', 50, 104);
insert into SectionRow(id, name, capacity, section_id) values (219, 'AS', 50, 104);
insert into SectionRow(id, name, capacity, section_id) values (220, 'AT', 50, 104);
insert into SectionRow(id, name, capacity, section_id) values (221, 'AU', 50, 104);
insert into SectionRow(id, name, capacity, section_id) values (222, 'AV', 50, 104);
insert into SectionRow(id, name, capacity, section_id) values (223, 'AW', 50, 104);
insert into SectionRow(id, name, capacity, section_id) values (224, 'AX', 50, 104);
insert into SectionRow(id, name, capacity, section_id) values (225, 'AY', 50, 104);
insert into SectionRow(id, name, capacity, section_id) values (226, 'AZ', 50, 104);
insert into SectionRow(id, name, capacity, section_id) values (227, 'BA', 50, 104);
insert into SectionRow(id, name, capacity, section_id) values (228, 'BB', 50, 104);
insert into SectionRow(id, name, capacity, section_id) values (229, 'BC', 50, 104);
insert into SectionRow(id, name, capacity, section_id) values (230, 'BD', 50, 104);
insert into SectionRow(id, name, capacity, section_id) values (231, 'BE', 50, 104);
insert into SectionRow(id, name, capacity, section_id) values (232, 'BF', 50, 104);
insert into SectionRow(id, name, capacity, section_id) values (233, 'BG', 50, 104);
insert into SectionRow(id, name, capacity, section_id) values (234, 'BH', 50, 104);
insert into SectionRow(id, name, capacity, section_id) values (235, 'BI', 50, 104);
insert into SectionRow(id, name, capacity, section_id) values (236, 'BJ', 50, 104);
insert into SectionRow(id, name, capacity, section_id) values (237, 'BK', 50, 104);
insert into SectionRow(id, name, capacity, section_id) values (238, 'BL', 50, 104);
insert into SectionRow(id, name, capacity, section_id) values (239, 'BM', 50, 104);
insert into SectionRow(id, name, capacity, section_id) values (240, 'BN', 50, 104);
insert into SectionRow(id, name, capacity, section_id) values (241, 'BO', 50, 104);
insert into SectionRow(id, name, capacity, section_id) values (242, 'BP', 50, 104);
insert into SectionRow(id, name, capacity, section_id) values (243, 'BQ', 50, 104);
insert into SectionRow(id, name, capacity, section_id) values (244, 'BR', 50, 104);
insert into SectionRow(id, name, capacity, section_id) values (245, 'BS', 50, 104);
insert into SectionRow(id, name, capacity, section_id) values (246, 'BT', 50, 104);
insert into SectionRow(id, name, capacity, section_id) values (247, 'BU', 50, 104);
insert into SectionRow(id, name, capacity, section_id) values (248, 'BV', 50, 104);
insert into SectionRow(id, name, capacity, section_id) values (249, 'BW', 50, 104);
insert into SectionRow(id, name, capacity, section_id) values (250, 'BX', 50, 104);

insert into SectionRow(id, name, capacity, section_id) values (251, 'AA', 50, 105);
insert into SectionRow(id, name, capacity, section_id) values (252, 'AB', 50, 105);
insert into SectionRow(id, name, capacity, section_id) values (253, 'AC', 50, 105);
insert into SectionRow(id, name, capacity, section_id) values (254, 'AD', 50, 105);
insert into SectionRow(id, name, capacity, section_id) values (255, 'AE', 50, 105);
insert into SectionRow(id, name, capacity, section_id) values (256, 'AF', 50, 105);
insert into SectionRow(id, name, capacity, section_id) values (257, 'AG', 50, 105);
insert into SectionRow(id, name, capacity, section_id) values (258, 'AH', 50, 105);
insert into SectionRow(id, name, capacity, section_id) values (259, 'AI', 50, 105);
insert into SectionRow(id, name, capacity, section_id) values (260, 'AJ', 50, 105);
insert into SectionRow(id, name, capacity, section_id) values (261, 'AK', 50, 105);
insert into SectionRow(id, name, capacity, section_id) values (262, 'AL', 50, 105);
insert into SectionRow(id, name, capacity, section_id) values (263, 'AM', 50, 105);
insert into SectionRow(id, name, capacity, section_id) values (264, 'AN', 50, 105);
insert into SectionRow(id, name, capacity, section_id) values (265, 'AO', 50, 105);
insert into SectionRow(id, name, capacity, section_id) values (266, 'AP', 50, 105);
insert into SectionRow(id, name, capacity, section_id) values (267, 'AQ', 50, 105);
insert into SectionRow(id, name, capacity, section_id) values (268, 'AR', 50, 105);
insert into SectionRow(id, name, capacity, section_id) values (269, 'AS', 50, 105);
insert into SectionRow(id, name, capacity, section_id) values (270, 'AT', 50, 105);
insert into SectionRow(id, name, capacity, section_id) values (271, 'AU', 50, 105);
insert into SectionRow(id, name, capacity, section_id) values (272, 'AV', 50, 105);
insert into SectionRow(id, name, capacity, section_id) values (273, 'AW', 50, 105);
insert into SectionRow(id, name, capacity, section_id) values (274, 'AX', 50, 105);
insert into SectionRow(id, name, capacity, section_id) values (275, 'AY', 50, 105);
insert into SectionRow(id, name, capacity, section_id) values (276, 'AZ', 50, 105);
insert into SectionRow(id, name, capacity, section_id) values (277, 'BA', 50, 105);
insert into SectionRow(id, name, capacity, section_id) values (278, 'BB', 50, 105);
insert into SectionRow(id, name, capacity, section_id) values (279, 'BC', 50, 105);
insert into SectionRow(id, name, capacity, section_id) values (280, 'BD', 50, 105);
insert into SectionRow(id, name, capacity, section_id) values (281, 'BE', 50, 105);
insert into SectionRow(id, name, capacity, section_id) values (282, 'BF', 50, 105);
insert into SectionRow(id, name, capacity, section_id) values (283, 'BG', 50, 105);
insert into SectionRow(id, name, capacity, section_id) values (284, 'BH', 50, 105);
insert into SectionRow(id, name, capacity, section_id) values (285, 'BI', 50, 105);
insert into SectionRow(id, name, capacity, section_id) values (286, 'BJ', 50, 105);
insert into SectionRow(id, name, capacity, section_id) values (287, 'BK', 50, 105);
insert into SectionRow(id, name, capacity, section_id) values (288, 'BL', 50, 105);
insert into SectionRow(id, name, capacity, section_id) values (289, 'BM', 50, 105);
insert into SectionRow(id, name, capacity, section_id) values (290, 'BN', 50, 105);
insert into SectionRow(id, name, capacity, section_id) values (291, 'BO', 50, 105);
insert into SectionRow(id, name, capacity, section_id) values (292, 'BP', 50, 105);
insert into SectionRow(id, name, capacity, section_id) values (293, 'BQ', 50, 105);
insert into SectionRow(id, name, capacity, section_id) values (294, 'BR', 50, 105);
insert into SectionRow(id, name, capacity, section_id) values (295, 'BS', 50, 105);
insert into SectionRow(id, name, capacity, section_id) values (296, 'BT', 50, 105);
insert into SectionRow(id, name, capacity, section_id) values (297, 'BU', 50, 105);
insert into SectionRow(id, name, capacity, section_id) values (298, 'BV', 50, 105);
insert into SectionRow(id, name, capacity, section_id) values (299, 'BW', 50, 105);
insert into SectionRow(id, name, capacity, section_id) values (300, 'BX', 50, 105);

insert into SectionRow(id, name, capacity, section_id) values (301, 'AA', 30, 106);

insert into Document (id) values (100);

insert into Revision (id, document_id, created, createdBy, modified, modifiedBy, content) values (100, 100, '2010-01-01', 'sbryzak', null, null, '<p><img alt="" src="/ticket-monster/document/resource/100/main" style="float: left; width: 350px; height: 263px; " /></p><h4 style="margin-left: 360px; "><span style="color:#ff0000;"><strong>ROCK CONCERT OF THE DECADE</strong></span></h4><p style="text-align: justify; margin-left: 360px; ">Get ready to rock your night away with this megaconcert extravaganza from 10 of the biggest rock stars of the 80''s!</p>');

update Document set revision_id = 100 where id = 100;

insert into Document (id) values (101);

insert into Revision (id, document_id, created, createdBy, modified, modifiedBy, content) values (101, 101, '2010-01-01', 'sbryzak', null, null, '<p><img alt="" src="/ticket-monster/document/resource/101/main" style="float: left; width: 350px; height: 263px; " /></p><h4 style="margin-left: 360px; "><span style="color:#ff0000;"><strong>SHANE''S SOCK PUPPETS</strong></span></h4><p style="text-align: justify; margin-left: 360px; ">This critically acclaimed masterpiece will take you on an emotional rollercoaster the likes of which you''ve never experienced.<br/><br/><i>"Unbelievable drama, left me wanting more."<br/> - Robert Jones, New York Times</p>');

update Document set revision_id = 101 where id = 101;

insert into DocumentResource (id, document_id, key, contentType, data) values (100, 100, 'main', 'image/jpeg', 'FFD8FFE1001845786966000049492A00080000000000000000000000FFEC00114475636B79000100040000001E0000FFEE000E41646F62650064C000000001FFDB008400100B0B0B0C0B100C0C10170F0D0F171B141010141B1F17171717171F1E171A1A1A1A171E1E23252725231E2F2F33332F2F40404040404040404040404040404001110F0F1113111512121514111411141A141616141A261A1A1C1A1A2630231E1E1E1E23302B2E2727272E2B35353030353540403F404040404040404040404040FFC00011080107015E03012200021101031101FFC400A400000203010101000000000000000000000003010204050607010101010101000000000000000000000000010203041000020201030204030407050504080700010211030021120431415122130561718191A13206F0B1C142522314D1E1F162728292A23315B2C2B3077383C32434742535D2435363A3E3361100030002010304010403000300000000000111210231415112617181032291A13213F0B142C1D1F1FFDA000C03010002110311003F00F28172C0648181D3216001960329B86595C6042C06580C90702702001930627B65776595BB75C14909B8EBA78E5C20893D3C7E5D72260912091DC6A3024B40249E804F61800A348CB0185969265A092343001D34ED940F80300C2C560AA491B483B4022409EE074D7C72A1C6433A0022777EF4E801F8601651D72E1314B60D7188D3806AA6B057EB9A12BD6144B6911A9D0E471110ACB1812741A66D168AC45636CF71A7F7E0D2149C424FF348450751DFECE9F6E5ACAF8C102D6096124B1EF3F77D23EB957B4B46E331D07403E995DD8819535E54D78E0C321980EF94C99D93286B9ED38C7B1465012D1D81EE74C302ECAC76007C35C514CD2C123F149F018862320828AE548D31920E55FA4600A232840C92C302D80508C6F184162049F2883F1FF0C4B3615725E924A4498D48988FF1C7409E4D8CAC6BB34D3D363A08101739F2A06A096F19D32F672ADB01DEE483A100C08F90C417C241BA0667E3DB20924C9249F8E54BE46ECA42D0498D3EA6320A11D4119567924F8F808CAEEC0248C93111391BB284E01240C82627E3904E475C00391AE5C2F8E993810DE17016352FBD02923B3AAB8FF75C118E0B8BB574CC9A87ABF757E2F0FF002FF17DC6AE0710DF72D25F750857F989B9B40077C4FB30F68FCC5C7BB8F7F0EAE2F32A008B38EBE9820E9B828F03D41CB7E60FFF00C87047F978DFF87983F276CE11E67BB724ECE2D557A7B8FEF3B32B6D5F13E5CE4BF836B9F2C1A7FC9768723914BF17936F1AC32F4BB231F12A6273ABED1ECB57238B67BA7B8B9ABDBE904F97F1D84690BF5D3E7A672397C87E5726EE4BE8D73B391E1B8CC67B1FCCB49E2FB051C3AB4457AEA31DC2AB37EB59CDEDB35E2BAEC44AD7D8E01F79A2B62389EDBC55A47E11721B9C8FF3339CE9FB77FD0FDF41E35FC55E17360946A0ED568EBB57A69E0738FC7E2A912753F76543BF0B9B57253435B871F100EB95EB8C61917A87BA7B7DFED5CA3C7B8EE52375760E8EBE39AFD87D95FDD1DEFB9FD2E155FF0032CEE4F52AB3A74EA73ADF9E6953C0E3DFFBF5DDE983F075663FF631A53FA3FC9CA2BD0BD15B3477F5D94B7DCF98FEC6F4D5F5D9F897C7F26BA254E4723DCFDBA9B0D7EDBC0A5EB5D05DC9536B3C693B58C0C9E3FBC718B81CEF6CE33D53A9A6B15381F4EB9828A81EA3E79A5F8DB495304A92090411A78119D3C5105FBD271F8DEEB67F42AABC702B7A811BD61EB57E8FBBC73B6BFD31FCA87DC4F138FF00D58ADBF99E857D4586B0D1B63A679FBEB27562498024F801033D270F8B672FF28D7C4A880F76E505BA0FE7B75CC7D985AD7FF49365D556FD99E73D8F856FB8F3B71DA94D47D5E45A557D344064CAC6DD7C33A5EE3EE9C5BEE6AFDBB89453C75D059E8A6F7F8EABE518BF7ADDED95A7B271AB6AB8A02BD971D1B92E47E224761D2333712A06337AFE5F974E84E306DE2D5E41F338C6566608825D8C281D4939B38DC6FE488EF3FAF347B6F1C7F5FBDBFF00CB4661F3D17F6E367137D8255C2ADC0E1FB7D48DCA5FEA79766AB502422FCE3205B6448E1F1B6F81AA7EF2671FC95F57DD1F76A10281F2DA1BF6E752AE2D66BE99355754DE5BC93671B5D8E1F20F0AEE05EC38CB472AA0A4159820B2A9207D731FB67B7373D9EDB5FD2E2D3ADB67C84C0FA674FDC78CB5878EFD71AD52D1EC5E9AE81D14B11D7F98C27EE39367E2925FF5B45E85D737D11C5B3DC38D5395E0F0AAF4C747BD4D8EDF1D4C0C7F0F93ED7EE360E273B889C7B9F4AEDA65016F08EC733D7C752BFAB3272E9284329823504788CD3D54EB7B8A33DDBDB6DF6CB80DC5E8B27D3B3E5FBA7E2313ED62BBBDD38D55AA1EB770194EA08CF43EF91CAF601C86FC405570F9BED5FF00BF9E7BD890B7BCF107F9E7EC04E635D9EDA36F955176518EF7CF677F6DB7D5A65F86E7CADD4A1FE16FD873926C8823A8D75D47D873D47B7FBBD6FCEE5FB2FB943A35D6574B37423737F2D89FF87FC338FEFF00EC767B5BFAB54BF0DCC2B1EA87F85BF61C69B3FE3B73D1F70D755C1AD2FA4FE57B79868E39E52DDE88B7D0AA40255B5F2C7439E7545975AB5D6BBACB1805551D598F4006766933F93B91FF00CE8FFB0995FCA142DBEF1BD84FA153D8B3E32A9FF7B2DF15B3ECD939691A791ED9ED7EC3C5AECF714FEB7DC2ED538E18AD4B1D498D481F7F8673BFEBA41F2FB6F036F653406FBC99CD1F99DCDBEFD623FE1AC5683E4503FEB6CE6BD40330EDAE355526F3721F2D23A57F23D9FDC3D9B996270538BEE1C715B29AC90A55AC442547D7A1CCDF956C4B7DDE8E1DF4D37D168B372D9556E6423383B994B755F1CC0C0A860090184301DC4CC1FA8CDDF95447E61E27FEB7FF000ACCBB29AEDECD91728DDF98BDC6AF6CF733C5E37B7704D6115BCFC7426586BD2338DEF1CEE373BFA6B68E3D3C57151F5EBA10226FDEC3A0FF0028073B9F9A3D8FDD39FEECDC8E2D4AF514450C6CAD35035D1DD4E703DCBDAF95ED96574F31425B620B36021B682594495D3F77B64FAFC5AD73985DAD7EE7A3FC949C6F70AF975F3389C7BBD0357A6CD455BA1C3C82426BF8739FC1F7DE0D9CFF00E97DC3DB385FD358FE9EFAA915BA49DA1A476F1CE87FE5F1FF00EE1F3A3FF6B9E529E25DCEF721C4A54B596DA5401DA5B527E59124F7DD3E903FE3AFC9D8FCD9EC547B572AAB78B2BC6E4EE8AC92763244804F6D74CCFC3F77E1FB7F012AAF83C6E5F25D99EDB3935FA9B4480A83A7659EBDF377E76F76A79BCEAF89C660F571370771D0D8D1B80FF4EDFD79E6C8D3AE6B44DEABC88E570F65F95F99C5F79E45F5727DAF808B520653571D4192635DC5B399EE1F981389EE1C9E2A7B4FB735745D656A4F1C6E2A8C54490D13A7866AFF00CBFF00FE3799FF00A25FFB59E7BDE87FF5AF70FF00E66EFF00C46CCA4BFB365D222BFE2BDC67BC73789CDBEAE47178F5F141A80B69A942AAD819A7A01D441CE7EEF8611AE1F0CE9310CD3BC12462AD4319B56BD32AD423301612A9DCA8DC7EC257F5E629D1A3D07B9F3795C0FCB1C2BF88FE9D86BE3A12555FCA6BD443823B627DB79357E66F6B7F6EE690BCDA7CF5B80167C1C2AC0EF0C329EE1EE5ED7CCF6B4F6E55BD3D2158472887FE58DBD3D5F0CE6F0B8967179745FC7765D375764449132A7AF50333AE953E9B5A98DB68F3C4872F95C4BF877BF1B90BB6DACC11FB47C0E7B5E47FF5AFCBCB6D3E6BB6ABED1D7D4AF475FD71993DD393ED9EE80D5CAA6DAB994A9DB6D6148880621D9491AF4FBF39FED3CAE57B6DAEDC462F4B1F3576080DF1804C1FAE57ABD92726DABA44D2B32989E33ED43E3D30A7816F3F94B5A405665049FBFEECEB5F67B3F2D8DD6F1EEE3DADABFA255949EE4EE8C38FC9E370813C0A9BD6711EB5C412A3FCAAA2066EB8F0EFA8E457E75E4ADAD4F050CB564DB6C7624428FB27377B414F74FCBBFD16E02DAD3D069FDD2BFF002CFCB419C7B388F6BB5B612EEE77331D493DF0E39E5702EF5B8CDB1BA11D5587830CCBFABF04973AE57B85B65B7D706554B38F63557295B10C3A9EA0E695BD56A740A0978F3100B000F66FECCE95BEE5C0E781FF0051E19170D3D5A5A1BEF8FBE72B555EC75B0614F26D8FDDB0A05FF832AD9F54E90E2F28357A38DA480C07C1848FBB3B48597F24EF4255D4332B0D0822F24119CFF749E4F29B90CA6B573D06BB5400A076E8066CFF00AA7B50F653ED317FE02BEA044FC45B7CC7ABE39374DAD71FF49B2A72FB0EE072B8BF99BDBFFA3E64273E912AFDE7FF00D45FFBC339C9C3E470F9278FC85DAEBD0F661D981F0CC14ABF16F4BB8AECAC8651E36B7D44B67AAA3DCF89EE35A2732922F5FC2E90403F093227C311EAF19D5F4EC4B567934716A9AD3489507EB965038FCB563A2B4AB1F9FF007E69E3AA880B240E9223F69CBF238C2C5CDB5535DCCDCDEC61F71A9EABD792079480AFF023A7DB8EAB9E15209CA0E55940F4ED51755D21BAC7CF333BFB6399D9757FE542A47FC599D7CB55E2D59C34573675752BCEE49B55F689DA25BE0263F6E3F86C3DC3DA1A807F98AA6A23C197F07D3A626D34371DA8E2D4CBEA11BEC732C40331A667E3D7C9E1DBEAD260F4653F8587811936D5ECBB34EA35AE3E4C75332128E36B29820F50478E27933610AA2598C003B939DBBDB85CC3BF91C77AEE8D5EA20CFCF7652A4E3F15FD4E350F65A3F0BDC4429F10ABFDB97C9CE3242BEFEC38FED947B70336108187825623F58CE3FB0A47BCF17FD47FECB674391C6BAE76BB90C5AD623AF53F2CA70178FC3E62726E0E4D64C222833223A961E3916B346B96EFEA56EBA71FDD6927DD398620FAF69FB5CE773D9BDE139557FD2FDD21F78D8963F4B07F03FF009BC0FEDCCBCEAF8FC8E4D9C8A77FF398B9570044FC559BBFC331DBC5035EF95EAB6D527FFC22719BFDD3DB4FB5FB0F238AADBE9B394B6544FE200AF46FF77397F97792BC1F75AACB0EDAAD06A763D006E87FDE033A1CAF73B797ED6385C805AE47565B7F89541FC5F1CE5BF1FCB2326BABF16B6EA1B56A3ABF9BBDBEDAF955FB8A2935B809691FBAEBD09F8119C1B9E2C3F4FD59DBE17E61E571A91C5E5D6BCDE391B76BFE2DBE130647CC62B967F2BD9712F4F3286EEB49AD97FF00E424E35BAA8D59D5071E57538BB5EC0E5048AD77B9F0590B3F6919B3F2B19FCC3C4FFD6FFE13E3B99CFF006B5E059C1F6CE3595FAECA6DBEE605D950EE0B0BF1C47B1F2B83EDDCE4E6F2BD566AF7054AD14FE25DB2599D7C4F6CD6D5EBB63A3488B945BF3A0FFEBADFFA3AFF005671EDBADB52B0E6452BE9A1FF002CB301F7E7A4F74F71FCADEE9C81C8E457CE4B428526A150903A48666CE5FB95DECE78B571BDAEBB9407365D67236EE6301540D848D35C9A55AEA9A78436E5BA76FF00F2F84FFD43E747FED732FB47E6FE5A7BAB55EE962D9C4B49AD9F6229AF5D18945591E3391F96BDF3DA7D96ABBD517DB6DE50B6C440ABB01D0136EBAB1ED9C1E6AF0DAF7B388D6323B336DB5150A82640F2BBCE67C2EDBD5CC8CBE58D6743A9F9A3F2F9F6AE4FF53C613C0BCF908D7D363AEC3F0F0CE1CE99E97DABF34555FB7B7B5FBC50DCAE215D8ACB1BC2765218898EC674CE1F397DB4396E03DC6B2744BD154A8FF523B4FD8337AF971B74EBDC8E728F41FF0097FF00FC6F33FF0044BFF6B3CFFBCFFF007AF70FFE66EFFC46CEB7E59F79F6AF66F5ADE40BEDBAE5558444DAA1492756B44CFCB39BEED6F0395CDBF99C46B7F9F63586BB6B55DBBC963E65B1E75F866527FD9B3986915BFC52308D3A69958CBC1C8D273A193D755493A019A07099A3CA75CD9C0A15C89EA73BD47B7A150CD03C33CDE5B3735559E87E2956E23C93F0B6EA466AF5EAE270696B016660C895AEACECCED00675FDCB802A491A88CE2324FB8FB7A1FC282D61FEA8273A69B357B9CFEC49A4D7B92D7722B5365BC38AC097D8E1D957E2B03F5E68AE9A6C22C4828EA0A903B6B9A1117799332351F0CCDECF36712A20163AC476D4E74AD34B9A8E5A4FE524C19F9C4712B57157A86DB0541776DD58133307C3255398AD1FD2248FFF007BFF00EBC7FBD56CB571F493FD4A40F8C3F7CD68397EB0DBC758246E3EAF41FEE6B99BF9436F8A8B703816DA14DC9E93199507781AC75D3B65B9BED5B46E00749603A0ED9DBE356AABA0C65952D821BA66E99AE9E52AF6DDEDA8EF9D45F6945A812358F0CDF653B4861D09D40D3AE6A8046B861B3C6F378FCCF50D438A85377958DB0580E8636699CA44B2EA96D4E32AAB181BACEFD3F833D7FBAD60588541F891319E6B8A03FB72DAC3CAA081E1B98ED5FB3AFD330EF925792AE0CA53506003D2267EFD336FB689F721C7DB012BF54BCFC40888F8E66610066BE1964F72B1910D84F1C0804081B86BE6CBB39023A5EE1EEBFD0F15B9089EAED60BB676F5EF3073A43904A104E79AF736BECE1946E3B226F5FE616423AF80339DE54254EA343267C309D6D13111CCE573AF6E7BF0E9E38B192B16166B3608263F80F8E45439D63ACF1502920330B6607731B35CA191EF7715ACD84D00100810246BE6CEAFB6EF7722CA4D4A236B1656DDFEE93913AD97834F1B8208D46686E0291D335D6A02E996CD4256605E028EDAE2EFA529131AE7498C02475CE7739C9807F48C0E4F3E3DC793C8BAF157115978F69ACB35BB64A9898D87216D5E45ED4DD59E3DC06E08619597A4A91D723DBD416E70989E4D9FACE5F901579BC11325BD407E400FEDCC572FA9A9919FD3D4959901D9D743246C20E730D96D975F5574061C72033359B67774D369F0CEDEC004B091AFDB9C9A41FEA79E021705D248204687C4E5DDC9EA119F65A4F9AA545EEC1F77DDB4654D7BA147524E6B0A4D4C590A43000120CE8DFC38A7056BB597F12A395F985D32F42332A20B188A2AF542B05361608A587500EB38AE554AF63CA1AED53E64241FB08CE9FB6D28B55058C575566C61E2609FD6739EEEEE496D41933F333935AE3A1985AA02727FA745A85B668A5828FAFF00763B61660A3BE6FE1F1E9BF94E96C1A38C85003DEC710C7E9977DA2091C4E4714D3614391C7E37AB704F1CEAFB97161030D4D7E53F4E998FDBE3FAA5F1C2DAEB4351C0AF88B652B68A40563025F5D3FD9C4F238202B32A9564FC4A7B4E68E4165E0D1B4C6A7F5E6A24326D6EA6993F69CC5787DD9665A38BC5E38BADDA7B6B9AFF00A54F452EF49555E625F5D0C7F0E47B68FF00DE587C0E6DBAA46F6FA774AC030646BA9CBB3CA444B0723955228D0007E067FB3326DFBB345EA0340323127E19B5C10A1CAE99631191941F43F6F782273D2F16F56AC03DB3C9F06C82273D4FB78434EED09CF3EA9ADB18ABA9DB78F5CE6313EE362BA40ED9C3B38AF68AEEAC816F1DCEC9E84100B29CEFFB8AA0407BF8662E2561E869EEED1FEE8CDE9ADDB64DDF631BED3EB4D7439579E7BA3574502B7B06D36B38DAB3D4803539D2F6BE10E3D35D0BA8AC413E27A938E5A546D3D447ECCD141556283420027EA4FF0066765ACCDA79FCEE2439DEF5C2BEF5E38A13794BD1DB502140693A91E39D5E2F1D46A7342AA3004F8630285E99999A74B88480074C83A02475C0B01905865041605751A1C84893AF411133942DFB32C8D28DE234FBBFBF29299B980B1103419E3D12DA7855F16D1B5EB24B0904493E22467B46018EBF6667FE938C249AD3510741A83D7278D742DE7A9E4EBA2CBED5A904963F403B93F2CE951C1BD39EF76CFE41A456AF235604761AF6CECD7C6A2A2C6AAD50B406200076FF008E356A1FD2A9EF267ED395EB613CF9F6387EE1C5E43F176529BDCB29890341F38CE9D684A98EF8E28B23C718A005F8E3C526DF732B7A92EC79F7A3935FBADB78A4BD4F50404328D641EE7E19A78FC8E623AA8E1BED2402FBEBD078C6E9CEA9A91AC69EC01FBDB18BC745AD4F42449F9C667C63E4E9E55703A9695D72FB862D481D324B1CD4252E5B43F239939AA5934F1D4E699907EB962808D7214F23C6E3F2E87E506E39616DCF6210C9F84931D4E3F8BEDFCBE4739797C9515AD4A528A41DC44F5663D33D11E2565A718B4A2741995AFA95EC73AEE19157947ECCF3E38FC8A791CC2D4965B98142197A2CFC73D85AC029CE6DCA90C428DF000631A01E032BD69533CF9F5E36B71D95370972C840D1BB0339465DB06241991F03E5FD99D3BD19BF139603B4E832FC3E02156E472C05E25677127F7CAF6F97F87C8906CE51AEDE2F0C50C81D2E1286407D932010739EC2CDCCEF08B1095299FF00689CE8FB85E797C96B8F941D157C00E9985AB106667B46656B3A8A67AC942CEA37381E407C7B75C8F5471E944550D675B1E01258EA75CBB26B8B2995A4DE45349E5556D46405256180D35F1CC1C665AB9218F407259716CB916A959D43C9B956B3C4AEBB1416433D4667BEF0A2C678DCE36AAA9D1540D04E6725BF88E29A7BE16B3A86CBF09FD3B893D083F7E6FB0576716BAD8C320E808D759CE51CAEF791E63AE1AAED828DE4D0A355107E87F5663284183DB2E6C6EE49CA16044465442A5474F0C8DA324A9899CAEEF80CD03D9F14990467A0F6F1C865F24C69319E738C7519E9BDA7955D75B2BCEB041185A269E29D1ECD2C0BE79B97FE64C913AE578561F4083F8416FB7F438DF75E4D7680A9A813E6CCBEDEC4D6C01E8CDA7CC2E16A93C239FDADBD4DC8440327A081F4C2B27D76044E8B0476D5F288C2048D749FB32D580B66E04CF483F0DDFDB9AA79FA9B2BB200EC3E78EAECDC858F63A7D99CEB2F5E3A867060E922334D3630E035AC0923792BF26223EEC8D237A371F6E837D5F1D3EFC82D3F7EB99EBB858BB967692608F818CB96E931DFAE584F22E5A4EB856C053631D3513DFAAAE289920751DE0E5B55E3B93FBCE0C93F051FB30D611AD1DDA17009248824750089C596DA4EE0430EA3FC32D5D924683A9D4EBA6D274C4D84EE13D635FA9CA745F5A6E36C95B09B1A4400041246B18D0CABC45122771D0FC49399C9119424B0803A1C9C9B7F4A5C37943C3AC8323EDCB0704751F6E6650E6480481D4804E5C2B156201206A7E9839AFA52CF97EC35EC59B0B11014499F8B66973004742339E09981A93D32E5DA46E264749C34697D7EA6BDDAC7869933399058C7BE3AB72564E426DA3D556D1A010267E38C911994D90A48D4C18C65966D0BAEA44E219AA177B02E9DF16F700A083A9EA3335F71DF1F019160DB523CC96931E11921A522F526CBA4193AF6CCD63CCE51ECC4BD9F1C8526C20CE67E4DF6DB5AD25A2AAC00146827C4E599C1EBD3E189B08331A0EC0EB8218DD40C4B6687CCEDD4E00961A1389231E40E8714C0031F6E0A21B14C35C7B011DF16D1AE0086C5B7413DF1C40F1C5903FB30209209FA75C59044100E38B002231648EEB3F0C1051040E9A6523C47DF18F254104007C4650300031000323BE2828488DBF1F9E2E0CC634B124692B03433AE5BD5498D9FA78E01EA78801619EA7DAB8D5BD65DB588000CF27C5264467A3F6CBB9014AD60991A889CEC97E2E6195B347BB71ABAEB0CBA768CC1C0D69B002243369DC4AAC1C7FB9DDC83A580A88D074CCDEDAE025920124FEA5CC3C2C98FB137AC5CE0DA0B74911E527ECCB099F30EE648F9E27D44003190481D8761965B0170AAC40998FA61354E0D39CE4632576A6C7FC32091DE4781CD6B5A0F6F29A15249EFD19A7E7DF326E3D742BA0273556DBB80C7C099E9FBADAF4C8DA6BF737F5D555BD4456A12B15ACED5000332672FBA4753DCEA2733AD83A15D0F583970E60183FE38AA98CB6309800E9F619CBA93FD2DBACC3A8E91FBA9882F001127BE378CAD6715AB105E549D4752A3AFC80CADA711D3EB5F9564F1989783D8120FC87F7E2DD897627C4E4F1645E019060823E98BB01DEDF33D7E795F07A52FC996236E83B8D7268AFD4B02F69927E031641D818F7247D98CE2B0F50913A0827E7FE19242B7533A6B0A00510A340332F340104684F53F5C6ADA0572BAE67E4D8193748D3B11385C9849A6663AEA04C7E2C264C8E9DB237C1EBD074EC465AC0A00751E47260F81F0CB0DAF501D0EBD31B5B7960F8E6707431D8EBF5CB2B0133D06B89D4CFD8BF163AC2ECBFCB3112580304803E38DBC580D4662BDA03191A9CC85C046D7B193F4CD1C8B005A4F628A44E4EA714D78FEA64BECFE6C7C065ADAD9294B09043C903BE99939364DC4FC07EACB58390B4D763CFA44109267A621AD78451DF5C4BB9C866C4B3664A58D9A62DACCA331C596313E1919497338963962DA138A6306300AB1D64698A333E3F1C711249F0EB3F2C53684E9D7B600B23C7B6B8A61327A0F0C7B31DBBA34E98A20EA0787ECC160930019FA629B53F2C73007A6920FDB8A20B10A079BC7E98105131AF599C5B29060907FBF1C2B24C0D3BC93A4462DC004004168EA7A64A482C406DD13E03B62DCF618C71034EB3D674CAA80183309D4C8CA1F62A49820031191249DA07E1324FDDFAF37DDCCE33570BC70AD01770DDA003589761D3E198A61834798F6FAE043D2715C02273D67B2F2695A98390ADA193E033C6F19A5867A7F67E27F5209630AA0131DF3B249EAEE1196FA1A7DF3914B20552188EA4672387CB4A7D40CE1249807E59D2F78E0AD1587524A99067ACE79D62A4993D3A66364BC79A8275C3A9FF50A0C3171001041D479B24F3EA0C259492411DB4FBF388E6B0A7693BBC31527F439CE5EA5F147A2BB9E2940ED548263F1441FBF3A3C6E4EEF64BEF60641B0959D479BA4FC33C85760DEA6C05D4112BBA240EA2758D33A3FF53B2BE0B711028A6E52C46A4A9663A093F0C46B5AB2EC2AFAD34DD4A4B4DFC7E51B1010B00E806E924038E5B86D03A49D35D09CF3A6C2E41AC400002374C90BA9D7C4EB80B2E83A983D75EB86B3CA32F5D53FFD1E8DB92AA925869320CC98D734FB65E6DE33B560C97402260C28FE2F80CF273675D63A677BF2EF32B01B8B72E8ECCFB8F4951D3F5E6927575854974475ABAAE4B95997E249D201EBFAF1562580930483A86ED19B4D9C11D4A7D9395F5B82341B49F82FF7674AFB3F84696DB5B2FC180B1B0855112600EBA9C70A856FB374F89C73F238C51BD10370EE001139919E4823A9EF8F7C5EE5ADFA43A14D60D420EBD8E67BAB420AB18627AE3784E7D323AC1CCFCE23D5D3491AE65722BB3E445943D646D3BC104C8F8E9804B882056C41EBA13D3FC719C7E5B533037A81A8C61F77F0403E67351F449FAD2DDB8898944E4A8602B6861074EDF662EDDF5901C15244EA36F8F8E68FFAB584C0419CDF76E65EF7A0902146834FDE3869CE12F6665F934EA9465DC908204166D0C11A08FEFCD3CCB6071508219EA53A76819C5AEE61BD88059A049124190647D99B7DCEF3E8F0D4113E8A12D0374C78F5CCC8D197A29EE845EE7D561F2FD58CB1F9268ACD93E88915922075D739E5CCC93AE68B3DC2DB28AE83012A9881A9933AE5225D08668C533654BC9F9E50924C0CC3340CD8B63F1EFD3258991F764153235F8E42A2841EBDB0683249F308267C7249D35D40D3EDC80ACC015D4B1240FF004F5FBB252C26F1B0807CC18020F8CFF875C4121988E87C325D881B67BC9D67AE54382E095EBDBBC47EDCA30458C0181A80201C506400CC93D876CB1048240900F4F9E982A814972B2A6406922584181F4C8DE0259285E00D27BF98692475C41606B2A204C12349E9FDF8D24AA7513D5878E98B1E98256C048046E23F846B1F5182B4264C9DBFBC0C8E834CA31AC3F4054771FE619361D06C3A75D3A82703C766A96D6604962BB3A1F2ED9EDFE6C133D10962F6B1624B1D093FA698110C0B68BE6D7C74FEFCBFA44A804C101BCB1E6F2AEEC0505C31404AD6A19C8D4281A4B11A0EDF5D31493E595004CAEA1409FF0064EB95DDE692B263CA3C07E2FD5A65F6D42901189BE41226176B2EBDA7AE506EDA46D96DBB418F300083BBEF8C17275B8CE6030E9D73BFED7EEEDC49020822083E39C1E08A79085692BEA4EA84C1803F772458F539460430D20F8839D56EB2B932F47887A0F74F7A3CA5082028EC3C7388D602C64C667B2F3275D32A8DB9A0981DF0DA98C2329463D9D3B127EC1FDB950C674182A2120133F3C6A5624429263400FC7393D914A005889318E50A485261440206BA6495D862088D60FCB285C0DC24193FAB226D9A4ADE981858282AA36A933AE57703D7ECC593DF51F13AE0088899390C8E0F066341F66747DA686E47202D6416D7AE8068D9C99830737FB6F2ECE287BEB3E6413DB5D1BC7349C69F06B44DB8BB367A31ED5C91FBC9F69FFF000E3A9F6CB10966B01911001CE10FCC1CA20BB13B440203007734C741F0C9E3FBF5E6C62618810A2CB0C49F9C6754DF7E7D0ABC9F0D33ABCB15F0EB60581275620622B7D1598E8751F2CE7DFCEE5DE3F995A6D66DB0AC181274034663D48C6353EEABC54B3D3AD49F315660ACA27F7833003EDF9C64B6D7260B26396F27578FC80A5878F4CAF3DC6F04F7033CFBFB8732A026C42C64154DAC576B46B123B69AE45DEEBC9E45818B0E8005004683EDCD48EB6B267C93784F183B28C2BB010641CDA07B6A282D5EB1275246BF36CE00BAC64B1D492AA400E0E81B696DB127C0F4FF001AD9EE377A4F5EA079A1B5D5812743A7411A7F6E84D3EB1236D296BE3A1DBA7DC382C85ACE2EC21980101A54743263307BDDF43726B08A1004122009F31F0CE3B5ED2E4160C0C48303AF7CBD0B672B90A8D36B19805A263B4B74CD3F1594EFC9CA3788FE58DDE0A76EBF0C877242EED6040F962AC080815FE11B60122498D7C32B73085DB0600048D75CC3669A795C29092FA9CAEFC8648AD6CDC0862411041047F71FD3BAC30F1CCB748941DBF0F50C803A9D313BBE395DD27E590B4D0CEA370131001E9F8B05B13D2F4D549B6C30186A63C2312C5081E6EA35F9E42955208782248F8699985BEC36801AC01A43120AE93A9655FEFCAB33D53A99208DA24103E582D95ADBEA16F52016DA3498072E6B55B996D696562190004EE0C74FC42751DB1C1564C8416B36CC19EA6635F96B8DBB8E6A05B78D1B6AE8C262351A7624645C76310AA47E231047976CF4267A7F7E52CB1582B2A8508AA741127741F8E1BCAEDDC24B3DC5C90E0A99598611D27FC2728589252652410041124FF60C798BCD3552877004330FDF2EDF7794FE9AE3BD34F51CBAFA75885B1549DDB957451F887E83252A58EDC198F17FF737BCD80151A23130CAD1A2E9D649C395C8A5AA535D603D8AAFE45036101B431DF49C5D9EB5C3F96A5A942CA4283B4B00CFD860282BCAA6AB9425767A6D321BC80EDF88F11D3E63263DDA27B289E0C30763290436E50640EC1A735F1684BABB1481EA42BC99FE2DBB47CC1CD1E98B7996AF157F97B98866600892B536E3E5812E7B74D3278FC756E43D6CBB9AAF56C535313B8D41146DDC3EC3FDD8F25CBE1156B3D7062B2B06BF5819046E80221998AF8782FE9A4B0DFB281C1A53D3B6C3E9DED246F1B895D7A6864683E78CE7D9572B914B56C2A655F519F68552EC7CBB5D1496862753F1558D2514575DB5B5EC503501760F30F53567DBD401D808FD79526FD7A91C5FB23220054D8C2146E83DCF6FFBC32E8F41A6D7758B06C158D755DAC1FF007624020C93E1A655216A6064FA455FB852C1BF0FFB418F4FE1C6EFAE7FA7813EA40781305761075EB2077FAF7CBD498EF3D0E55763210549046755F9C6CAEAB5C4B580AB126012BDFEC39C607A674C0ADFDAF741F52BB2148E9E61E79FB06578865371FEA3C92CAA55812741E651FB71B403BCC82201307BC119CCA6BAD959ADBC52409008258FD0668E073EBA81AAD662083B6755568D0C646DC6909F0CECD75B3126A4255480CDA000F87988D635C61E41AD0AD4A374799CC6EEA3A44E657E55FC82790FA565F72AACAA1246D81B75E8A2064B92B20C2B75D580EBF3CC358EE4F17CBFD8B17258961327562C64E3AA4278775E40804AC9306495E9F6E60F5C596150E09027521632599D9055EAD62B0C5C0DC0F9982A93F4DB8F16D25C65337AB49B6FB3486863223A7C72D3F19FB86671EA29D195E3490C35FB63182C651E6A093FC52C07FC3A674F06FAA32927CEC97B8C2743ACE68E21FE4720E9A0113FE939CF3C824FE103E64CFDF935D835DC40044F8EB93C1B52F637AC4F94F0D0E07CC18C01D4FCA307659528F25880C20C0D7C7E9E194445630ADBC9074E87A65C5762D95EF520EE992753A81F0CE897E497C194B1CF2D21F4D6ECE0281BA0B408EAA3EB9A0537DB58AC333B1FC2BB81009611DE3A1CDB4F2DBA8B2FDC40DE46C1F847FAF34DBEF0F4D2A8AF6066040360483A962DF8F481D737FD7C4D965C3B6DA6ABFE97BB7C18B8DC3AAA02DBABDC966D00BB150A36AEFF00F898EBD444F79CD95F078654DA94A8AC2122C777963B4F6639CEE63DF655B1DC49666ABA06935B988F02C077CDCBEA3D40860EA4100952005E9A00CA326A927B793B5F535AAD155539D460A78E59E91E928282D0031657DAAEA575D4189E87A62DB88A1887E1865EC51ECE9DCC6FC49AAE671E9D4198281088C490CD07F789FC24E69AEABA97628C527AC031FF00116CDE8B54F6E1E427F5A7B5CE7181ADC1E28A8BD158242BCD7602E01DC92C3716889ED88BB8FC6E3036D6C16F56597D0AACB01D1B41F3D32F5F21F9AD654CCC2BA8B23336D51FBBA69A99EFF4C97E3D61ABAD791585DDB9A6D5580A370FDEFE28CAD27ABB3263FB358D4FD881C3A2DA85ABC50C4AD657CCCA181AD18B6857BB629F89ED7B952CA8D4E635DEF1D7E2C71E2DE1D14568FCDA8B575A230AED900AAAA181A7523C331737DC3842B069B96EB24102C161523E7A7EBC9AF8A4AC616FA2595E4CC9CA3B7D4E3AACC59A305FDD1BE40DBDB519908693A11E0083E38C6E6DDBC0A1B631F2935160353E2CC4E55CDF6B87208610A589627CA029693E24C98CE4E27C9C9B6DB70A907BC83E197AA92E660900F503F562DEE60195D89698264888F1CB1F50B05B06C903692A75E86469AE61B5F0126C97AFD38360D80F73A93FA862D9811E40001D7A1275C63A95B4C315DC5B69020F495FB181FB3E587A604742EA2181EFBB74EEEA264F8E46D7F88D2D367D90A46003932588DAA4091A9D7EECD1604B796ABC6F2AC6E2C490094058EADF2CCC0D8836AA8058491FC22346F875C95DE7CD6AC4FEE9111A74F1E830DAE6C11A91519C8E5A5A9E9091E7361768921874F1EFF4C55FC901151400E156B621547E1D7A8F8FE9D7212A510184D80904C181A0D0E93BA4C40C59AEB2599982B00CCCA20F9A469A4773A7CB338BC97F28F1CE07D5CFF48D82BA81B2D15AA3B4965089B1A08D7F99DE3E58562BB4B59739301895100962D58025B5E84FD9998D65589660C01358820290176F5FF4CFE8460E1C8652486262C60080AAA1B77C7E9FB70D5C272F609B596ACEE6A5E41A3907FA653B8B2A21890C0A82E7581D1741A75F94541B9ABFEA892D24C6ED7A6C000F9ED81DF282E17583917ED4F4115917693B856B52A051312C581FB4FC31163DC1CED581632800ED652546D9F2F97C777D724E86AC57BFA1B2BBB72259EA304B16D0C02C80AD22B13F87716007DF38BB6BBF856502B70FCA2A59D535757755B0AB36B3E0C3A0FA9389E58AC51C7156B5BD6AAE5B5249F3CA8E9DE3F4DD95BB9039360B6A3E9BB2EDB1A6589EA091FECEB1F3CB148D627531E5FE231581884504B1200080CEBAAA81B67B668A38A0D8B5F22CF45810597D30FDA753BD7C232CAC38563722AB0335772852093F85BD40C3CA3F875E9FD8FA11799EF3557C926BAAF2A6CB09DA427A7BA35103458E9D7A66AF6E08D2CB6F38467BF86885C0FE61015DC91B3CBB9248D7B9247ECD314B628B1EC2AA6B6851A19111FCC88F0D74F1E919D1F71B389EB2F1B8F3062BA9C80CCE2E3EA492BB768FE6F97C0003E212A7DB97DD5ADDCE38CD699D524AF95F76DD91F884ED88FDD9EF92B2CD4F3C04E99AEBB1C50C8355F2BB2F604B159FB0E64465064CFC233571AD348735816338DB07C3E59A66108B1A4C7D4E52726C045854E8C3A8CACE532CE8F079978A9A816108558807A0651B81189B3DC7976159B4800051103418BE31816098956D74F08FBFA62B52633292ACD36E2C9D5E37B8D7E9AAF2955F6AC212A0B299FD4465EBB38B6922B6DCC25A36C481F6E7189931E180241906313B31E5C549C3B450863B5491320C11D7E063ECC10DBE9AB8044F43A8931B8C77E8739E962D810B83B81FC40E80F8C7EBCD14F32F6B56A2A2C71A4E8A548F0EDA7C715AF82AF16FAE7B1B2BBEC325AC0A50480E0B163B82C09075D675F8E48E54824D35B34C022B113F358FD590C38AC48B79081B5020C92647530078EB80E1DAD66D51BC91B89AC9850DE25B4F978F8CE69EFAB988D0F1D975A8759CC5528691236836F942C31EA07E2F875C2BF71B96BB00243308AC8DA02EA0F4DBAE9A66371623CD8A559490C8C0A988EEA75EF97AE0AAED5DE4C850086249FC3E51AF53AF8F6CD3FB1BD9ED12A45AB92BEE6DA79F7D4D5BBCD8086FE59760A4952AA601EC4CC6218D8C66D12A0904B033AF8C43645B6D0E6413B61840304B2E8A4C963AF7CADB62180B2A000089E841933A4FE9F4C8FECD9A4BA2A6BC556FAF1C970A9B0B6E2AC261475D3BFDF8CAEB629EA17275DAB247999B41A6EFD3E871002DA20B41D25A2753FBA0081975B0B1546B1692A0956531E523647906A4FC4F8FD70DB2A493CAFD019883E5B18752419D0769D7194546C24AB9903AB1852498001F13FA69389F50D761632588885F21DD1A13DE776B935DB622EE603F17E17D0121A04F43FC51F5D3AE2B263D4D4B4D2B5936962A01DC1580FC2474F2B753FA75222EAF888ECB5B3ED1A7999432B03AFEE6A3B74199D2E2AAE740234FDDD37192235EA4F7F8654122C363820A985017568E8019FC4C7B7F86137CD2E318F43630AD76935560100856766243027736D60474FEEC826A21B60074520A82BE58663A6E61A18CCFC80E2CB3D4701AB85208DAC5B45680341A4F523A76CA25E55BD6A884604ED51A9583B811E18ADAE43493E0D94BDA4FA7BB6C05D040893AF4F865C8B2A161AC876B14306DC148075EE4EA7AF8F7C570EF55A2DA8836395DAAF5EA55431DD33F03D7C0C74C4D7CC2B617600943BB6A898641E5C8EB2AF1F635803D6735B6F743FCA2D3D098DD014F7E997171215F68B1AB566006A06D5833F0046D99EBD3E3CFB2D77AC124EEB3AEE924EEDC343F2EBE3F6E5EBBAD57B6DAD49445DE40042AB31DE9BBAA8276E83E9D7A469B2F925843813B22C04285462C1758DCB2148FF51D7F6E5D68651BBCA7CC54A06527722EED64F76D3F575198ECB98162012C2A589EAA49552DF52644F8F8C0C658D02D5DE0026BDC0125B72A9B0C1E900AC7D475E988F1D055CF61B66F42C164B1605441F2F97CDFAF53FA09AED1EAA556310A7759150DCE4953D19B5F0EDFE99D2727AECE8F63B4B93EAB99FDCDDE71DF5667D0748F1318C772AB6B50ADAAA06603730DDB9982449DB075331F68C40DE705C6E8466915965B14832C0EE036AF7D27C3AFD72D4435819D0FA61C22B01E552C2D803674F37711A490098C4B58839952CCAA15DFB7CABE9B79B68DBAE809D7AFC27ABED53529A2B05D2B6DAC1609DCC4AA9304EBA69123BF7D23E8164AB555441256A4ADCAC1DA5890E1D7CD31D8F73F688539DF5BDEA4A2978B1C0500060B303433E66903F6CE50DC3D3542D2841DEE4CB3B00BBA0993FBBF5F849C8F52DBEBFE9EA012AB2C5625BCAA0DA4A004EBD08FDB84837D3FD1643145858EE858201006E60D1AF5E95893F31DF26F735FA94A10C19772927CBB6B56F214EA18166FC5DC0881AE24DB5B2B56189363A93B5430676DA1408865D37CEDF80CA5A2D5A26C3A5961F5402080AABBD60EA350EC7ECF965488F6FD87597B8476700936BAAF9960061BACE9A376D47DD39082AF50EC528A84D9632B094456DAA77369A6EFA98EF195E331A0EF52102D82C6B09DC7D169A4C2E85BA9074D67A465149A2AB05806E70C0A9F332CB2A47C4CAF4EC35EA70FD3D827DC86E424048844DCAA40DA40DA8B23A7E20B1F6E939666B2E16726D116B303632B47FCC4DF5AA8F125587D7E5944B1ABA94B006BDC5581EFEAB49F8F44EBF103BE1372D46C0C4DF615B46A0B36E2CA9E3063B7C7C32F1FE89C8C35DAC0B584063B54490BB085523BCF97CA078778E9991A860CB66F52ECD3B44C289235D7EBF2F8E3EB22EBEC16B85A80645B4A966DCAABB401A79B41D7F5C629ECA83D6C108050B9506496D4493D6377DDF1F363246B5B4E56482474D32B3939B3997F5090036A078E430020A9907C7A8395C95D6477234F98C179004CE9970D3A1FC5E38B9C656C8B2CC2481007C4E04284EB84E44E13820C92029060827186C2B59DA61AC27711D768FEFC5808C06D2777847EDC2C3E6023F088C8CA564E6FE1726964357290D8B582F5C315223AEB9CEC7718C5A0C4E874F1D30D5454DA6746CE60A4B1A6D3204D4A208200EAF3E075198AABEDF517CC624023A889CA9AE1CD624B03B1441D60C1CD2794BC11E9714037C4597900904FEEAE4E30956C7396E246D096D958E4DE1ABA8190CC159DCE8BF8654B0F8C465AC0D0CCC9B2A042EE65DBE61E0FD640D4FDF9CB4F74E7238736961FBC1BCCAD1E20E9976E5DA6C172B1DB61D51BCDB586B1E3F2FD0E23EA6935397F26A3EA51615B6B7AEC020AB028C67C438E9F4CD15F39D46D5201A5585436858DC7CD3F3073957DD7DAE6B424ABB1095096D07E103E872578FCBE358AD7D2EA8743BD595751E3A6B971D495AE32752B785ADD98B32EEDAABF89771551F2EFE3AE45DCA2967F4F0493A02ADB8B75EE27C7A7DBAE26EF4A985DCC9636D862C1540612D2AAAC742DE223A1D740BE4B56C49A98115B4901BB9D09985998C9326AB48DE0A596D4EE4B57281E5815553FBBF1D0469856E2AB503126E4DA4B6E201DCD3F685626446BF2CCDBAB7A91C285624C91B8E87FD5A7E872CED4312FB4088F28923FB7ED391F61EBD486716336F22B46018004B9EB113AF45E93FB4E328577B01A149B0BAED2A602800B6D25BE027AF6F01885E471D5A580D09254AED04C68372F41F0CB372084237C212C62B80A77448D234EBA62F4484EACD29C9B145DB8161A050082A08060B30F8F9BE3DFE2B779ADC170AA76B0FC44C7EEF875D0F86BA6BA656B26A2542CDB04B022550B689A0F01FC5A6BD349C5928FFCC32048555630DE5D140074E87BCC612C86EAF5405831F208520C6E3AC6DDA09EFDA607D3197F2099AEA529529252A2D2A01200EBDDA649EFDA06669524980110AF974323BF9FA8F8641756736BF9599B5001888EBE3DF2C32DE065B77AB6060A21422B000B06655893D64B77CBD8057BAB6B244A82540632C04FE2DA3C67E20751AE2FD5240B176834950AA4B0662A15411B7A13B771CA9E4B14B14310CC5544680A09F2F631A2E98C8C7EA3AC0C1ADAAA1EA333B1FE23B6B56769D069E3A76CB724A54CE6B6F5830019CAED0D1D7A4FEF0075FBB12C964312F0090A58C19553A9014F623F48C2E7B16BB03A01612034F5555EC076F37F7F6C9D7B96CFFC07AE5BD6BDC0DC4927A44B865886EDE638E6BEC142F15B4E412AA0120ED656D95A9FF4AEED7E23335DB43B2567710428240D5517A8891AE3ACAEBAEFE38470CC02EE60A02ABE93AEA5B69324FD9A465C0578F8286F5F4CAAA285082BDC14093B7ACF5FC5AFF708C7F17995D0DC6B012EDBAC5B154C1567F2975F8B2347D3EA3091B6B6666EA480BAEE665F1EDD1B208DA74926B2433402B3F874FB311315A669B3969C81162A400A8A0026033124EED4C280175D63419AB91CBF52EE4F2882B6B58D5B21201DA17AC198D85030FF00377F2E61A8D6B7232CA1E386B1D8100EF56F2B6B1DE34FA693221E9350AE5A6EBC1254032AAE36A4FCC6BA763D67412215FB8C5365058AB92B6D65617CCC55591C831FBBA78E04A597DF65722A5A9AC126482DB560F8F9982FDF11A628BB5B495AD08A94A83647F0A742DF1EB1FAE04669B0D6C24944D0F58127FB734952373DB934A5D62B55B9831F4D8007580C0ED267C3461894B4D67D40C490602F4FC2343F69C416302342044C9D671AB58351B493BC3850BF4DD92244ADC9C8D4B9487DA082A19920EE2599803BBFD927A628BE8AA58ED00C7844CC7DB8DAF8BA5D2E0595EE0C04E8015591FC52CDB47DA606B8C361F2B17E94FA21B6CEBB36F8E9A693F5F862E4B1C39586464E68C064831918601668DDA743A8FAE477C93AA03DC687E5DB2B82BE499C3230C10B218607C089C2C32ED1AEA75CAE5C2400CE601EC3F1460159C7F17FE60D248981F18C9AD2B62422931A99327FE18CD63D3E3A6F600311E006676DA62659BD746DDB121DC2F6F7137DCD0F10BDE329C8F6F4505D5831EA42F5CC37736E7695623E58837584C9627EA732B5D9BADFEC69EDF5A5E2B5BEB4E9D1EDB5D8819EC0AC7A2E9232D67B69A9180699865246923E22739E392DB42B6B1DFC71D4FB85F5980657C0EBA646B7B53A16DF5B51EB1F1512DC8B78AA6AACECB1845960FC5B4FEEA9ED23AC75E9D3294F32F52A8CE5EA064D6C4ED3275C7DE29E527A8A02B81DBA74CC03AE6D46B2A333B269F353EC6BBDEEBC9B2DAC2A83ABA2ED51F091A74E98CADD2B4F519000410AA352478B1388AC95762588504CEBA1C4DF71B18EBE51D074C4E9D0962BD59A0F35CC82D0A74207862DB926028D00E9E39989C32A488DB637D672492667AE98577B29D0E87B1C561962159D5E3F27710F5922D260A8F2E83A1DDF3F869E3E108611832EEFF377FA75EFDFE79CFA6DF4AC5622541D4788C7F2791BC2AD5E4AC0276826371FB724C96E39F8348281114ACB6D6763BA09FC4A0474EDF3EB812008668247A85BACB11F86263AF8FF00762EBE35E685BEC8AEB33B19D9559A3F8559B71E9E196BEBB508464F4F7104923BB0DDA9EB92AEE5CCB0B41ACAB8324AEF98954995F34E93A69F4EF92B5914B58CA083E55968F37E225608EDF4D7C76E542AB6F552C2BAC9DC5A44C7410A20127C70F5F7AB16001002D6A3CAAAA6674EFF00A75C0E097B4D56B1AD81505580424A16511FBC0789FBF208259ABDC431DA64E8BB4293A7DBA7F69CA71ED6AEC057A8042B7F013FBDF64FCBAE695F52C0D639DCC65998C9249F12670F1E8164B07E38BFD6625B53B41D0051A28F1D0465ACE571582A902106D51D80F01F53FB7AE72F91619D4FD9882E630B5BD43DA621D33FD2B8856DA2663AEB8AB458A776EF504969327539CFDC7C71D4DCDB829D6741DB127AFB92DE9936F0ECB12E46DA1DEC61E9EED46F320376FC2D075D27AC89185F6307DD7396B2C058B4EE3A12864F8F971162ED60498D341209F2F94FDE30AEA76B057637A21433CB29D005DFD3E3DB0D26EFA1536949D4E89E41AB8638A5B6AD75B13592093716F36E89FF000199EBE37A9C6D666F655A516000D3B6599B403F1281E3A9803541B01ADC8207AF67E18D55544F5F03BBEEF80CAFAD780575D8AFEA481A03E3D3E1A644A59CB77256F8EC89F44B727D3ACA8EA43132A001B8924CCC0CBD8C1B8AE64850FBAA048920F94E864F658F91C65F651B5AC5F35B6D7BDA745A8B36E85EEC76E9F6FD33A7ABC92C11015A6B66810022CCCCB1FE26FBF2F24E2A5D4772ECAFCDE9C56A4A9D8A5A08DA3C7B4F42753390D5720F293864036292156468C47E19E93F5CCA003B59A4AC85603AFC736EFA1792396C0947B5822C9DC0A9462C7CD3DFC7AE0B6BA72B0C8C9CD1CC30CB29008244ACEA320C0303A76C02CA44107B8FBC65324751918019391860133AE4962753A93DF2B8600FE331160DBD72391617624991D061C52459A189044E52D32DD6634C9D59ABF8CEECA61877C275CA643241C8C3007D376D613F84E872D656012C0F94EAB99E46685622BDA60A83BBA6B996A3A8D2788C2F601056A7CC75399B24B12493A9264E44E5446EB0C309C89CA4270C8C3009C6D4416557FC322758D313920C107017274BFEA9C9E3861C6634DB6125EF5D2D2BD16B0FD55401D1627BE80019AB6B79172D6CC59AC70373124EE63133893AEB82B153B81823A1C90AD9D067E2A2B1B1CB112A8A920318D4F9B5F97EA199C59591E5267AC1CCEC49827A999F9CE338C4AB98AC585810034C0D7AF948C4992DB82E09889807A939D1762BC3FE59931FE9D3F5E62F239AEAAD4B5AE55768214033D3FBCE687BC0AD78C8CAF021CA0852C4F8E9391E61575398E58933D670F4D80063439A7D14524B413D72B6101771EFF8465A46BB99C213D318D4320046A3C478E589095803F113AE59EE53083A0C6444454AD79DB21400492D3007D24FD831ACCA792C2B6F515A555986A411B6633330327698035FAE4D57B56E1800584413AC6B88139FAD1D7EC522BD4843A980A4EBACF5FD78D765FE8EA24C586C6703A00A02A83F6839442B7B515A203B479F412D067CCDE18DE59A2BAEBA8B7A8D5AC13F844CF60B93B772A7FC9F75045EE3D3A8C9B18A1DDB8E8A7730017E9F7E14295ADEC6202580D7B67CCC637FD8A76938A37AB1048881000D001F0CBD2682C01048041DB312275D75ED97A19B9A458A2B2AACA6747898F2B091F7606A69156EE89EA8F0D53D4FB748CBDE85B696259A06E6885000D00F9462093B8023B401DFFC703A89C30C329032499C8C0924C9C0241C89C3B61804CE44E1860076C30C300D7C4B510348F341CCC4C9272F42EE683D009394600318E93A644B2FD4D3752F42B923230CA6499C27230C02CBD718C76AC62D7F10F9E5ADD0C7DB93A97A0BC30C329030C30C00C30C30030C30C02C0E9180FB32011D30C02CC0E84F4ED1D32CB632D65440D667BEA32809131DFAE5D14B56C02881E6361ED00E93D359F9E0A8A292A4303047439B68AFD25DCDD73371AB0CFB9BF0AEBF5C6DF768003F3C8D52AC64AD961668ED8AB2C2CD3D86807C320B1D7C4E9943D7E58846DB24B1235C804CE44E19485839023209D7230C01B55EF5AB2A98DDD4E5598B753394C01C0C9380EBA69861806BA2D958B49D8A44B75240FDD1F3C5EFFE77AD1FBFBE3EB38B0C766DED33F5CBABB2AB01FBE2187C372B7EB18144E1861801861876C00C30C30030C30C00C30C300654400DBA7A6919578DDFAF2149067AFC0E4ED2C7413F2C83D0AE19775DA20883E194CA030C30C02CB3323B643124C9EA75C0699070030C30C00C30C30030C30C00C30C3000E5954B68049CAE3AB3E4D58041248EE7E1805D38CBA7A8F04F455D7EFCB15A146D2490358DDA4E20D84926752729258EB806866555010403A9CCECC49D72D6349F96831670099C8C30C00C30C30030C30C00C30C3009072D94CB76C02E0030C30C00C30C3009072D94CB76C02E95B3C951A2892640818C6E33065A8106D60491D818FC3F3CBF1ABAC217B7592081F01E38CDE7D5F5BF7A777C67ACE4B935E3F8D306186194C861DB0C30030C30C00C30C30030C30C0188514030198F407A0C92EE561548F1230C3005C9C8C30C00C95FBB0C3009222208D7A654E1860061861801861860061861801861860064EBB70C3008C95EB8618041C8C30C00C30C30030C30C00C30C30030C30C00C95F8F4C30C01BB9A34063B646E7F0386190A7FFD9');

insert into DocumentResource (id, document_id, key, contentType, data) values (101, 101, 'main', 'image/jpeg', 'FFD8FFE1001845786966000049492A00080000000000000000000000FFEC00114475636B79000100040000001E0000FFEE000E41646F62650064C000000001FFDB008400100B0B0B0C0B100C0C10170F0D0F171B141010141B1F17171717171F1E171A1A1A1A171E1E23252725231E2F2F33332F2F40404040404040404040404040404001110F0F1113111512121514111411141A141616141A261A1A1C1A1A2630231E1E1E1E23302B2E2727272E2B35353030353540403F404040404040404040404040FFC00011080107015E03012200021101031101FFC400B50000020301010100000000000000000000020300010405060701000301010101000000000000000000000002030104050610000201030301050504040A07050900000102030011042131120541516122137181913206A1B14214C1526223F0D1F17282923343B315E1A2B273241626D263742507C25383A36494C43536110002010204030603060505000000000000010211032131120441516171812232130591B162A1C1D1425272E123731434F082334324FFDA000C03010002110311003F00F0552AAA53185D554A95804A952A500402E6BA9D33E9EEA9D511DF0719A658F476055541DED772A09F015CD4F9ABDC38993FF4FB166C3768DE2C92F90D192A7E79231722DDE9401E6323A2750C54126563BC0864F4434A380E76BDBCD6D3C76F1A2EA7D03A974B8E393361F4926BFA4C1D1C35AC4FF66CDDF5DFEB7D61FABFD2B8324C7964C193E8CE7F58AC6C43FF00481F8DEB47D4F04D91D03E9D8A08DA591B1D6C88A598FEEA2D82EB401E12AEB44D85910CA629A368A45F991D4AB0F686B1A745D3329E16C848646853E695518A2FB580B0A64856CC4149A62C75BB17A66564B15C68649D945D8448D2103BCF0069E3A4E6F191BF2F2F1889129F4DEC846E1F4D3DF4CA28C6D9CE11D3122B9B56A8F19D982A82C58D940D493E005687C29B1E4E13C6F13EFC24528D6F63006A8A24DC8564F4ACAC48E19322231AE427A90936F32F7E87EFACA23AF41D53326CAC1E9D04E417C789AC76211CA88F978F18C1F6115CF6C0C85547689C24BFD9B14601FF009A6DAFBAB62B0C4C6F1C0C4B1DCDABA917D39D565C51971E2C8F01170C2D723BC25F91F856411D837B0DABD87D4D9195D3FA9E0E5E1BB242B0A88901211B831E4A478AB0144AA9A4B88468D36F81E3B2BA7CF8ACA9911B44ECA1C2B0B1E2D7B1B766D59B857A7FAAA64CDEA1164C5F24D8D13AFB1B91B571FF002191E8FAFE93FA3FFBDE2DC3FAF6B56C7149BC2A64B06D2C6873CA5331F15A791634B727365BB05173FB4E401EFAD0B8CCCC15412C4D8002E49F0147362CB8FCA3991A3702E51D4AB7C1AC68681317D4BA3E6F4D9162CC8BD191979AAF256BADED7F23377573CA57B9FADB1E6C9EAB8F1431BCB2183448D4BB1B33762DCD792C9C39B19FD39E378A4DF848A51AC7C1803491C52E63BC1BE45F4EE899BD4D9D30A2133A00CCBCD10D8E97B48CB7F753F33E93EB7870364646232C482ECCAC8F61DE446CC6D5BBE8EB8FA830FDB28FFE5495E9FA5CF2B7D61D5711D8B40D172F4D8DD6EBE92EC74FC66A72AA7DD51E3468F97BC7C4DA9656BBD9DD173064657A18D2BE3E3CB2C7EAA46EC8044C54F980B696AC8BD2339E039298D33638058CCB1B98F8AFCC79816B0B6B58CD47288B555750F47CF300C9FCB4DF97201137A6FE9904D879F8DB7A4CDD332A0748E686489E4B144746566076E2186B58D1A9986A57464E87D523748DF0F215E4B88D5A1705ADBF10575DEB24B8D2C523472214753664605581EE20D61A268954B6D5A7FCB733F2FF009A3049F97DBD6E0DE9DFF9F6E35DDFA23A43E6F588A4787D5C4C7E4D3B328297E24229E5A5F911A5007972A46F555D1C9C0C96CE7C510483239902008DCFBC0E16BED59A6C39E12C258DA32878B8652A55B7B1BEC68033D4A95280254A95280254A952802EA54A94012A54A94012A54A94016A6C6BE83F424F0750E979DD0B2755706451DBC24011ADFCD6B1F7D7CF86F5DBE879991D232F17AA28262F51A3603F1AA84F557FAB20B78D0C05674395D3E5C8E9737F77282C3BD9030561E0CAF7F857AEEBDD47330BE99E869892B40D3411F29233C5F8A4519E2186A01275F652BEBEC089A4C5EAF058A64A88DD86CC40E71B7BD6FF000A0FAA05FE9FE81FF875FF000A2AD5C0C7C4BFACC0920E8B9922879A6809949FC7611358DADDAE6AFE94CEEAD99D6A24323B61A2B89605F2C089C1B80F4C79479AD6EDA67D510B4D87F4FC29F3C90945BF7B2E3A8AE863AA74DFA87A6F44C4F2C1123C990DB19A568A4F33F7D80D2B5797E263F37C0E574681717EB4F421F2C4B3642051A0E0124217D82C2BA985D4B365FABE5C6695863069631003FBBB2026FC76B922F7AC5803FEB763FF00D4647F872D37A68FFACE53FF007B3FDCD4ED67FD3A8A9E5FBE84E958898F375ECE88057C1FCC262FEC1064371EC0A052E5F573FE94FCD64B9967C4C8E2B2B9E4FC1CAA9058EA7E7AE974E68D313EA269104A8B3E533C772BC96CDE5B8D45EB89375A88F4C93A663E1AE3C32B2B9224790DD595BF1F7F1EFAD8A6DE0B271C7A0B2692C5E6A587539F84B1C99B024DAC4D2C624BFEA1701BECAF4DD47A86562F5FC8C599C9C39E1E31447E55BC7E5651D879822BCA27CD7BDBC7BABD575103AD7448BAA47A66618B4E06F65B73DBFAE3C2A9763E28D727E1EC625B960E99AF1769E480D47B2BD8B43FE79F4BC653CD97862C3BCBC42C57FA69AFC2BC914BB57A1FA5F35F0BA87E525D23CB5423C1D944919FE92B5BE15B763826B38E22DA962D3CA581C8C384E6E6626339BA332C5FFC32C58FFB46BD47E764FF009ABFCBB97FC1FA5E8FE5FF00BBFECBD5F976DB4AC0309707EAD8A25D22793D58C772C8AFA7B9AE053EDFF5C5FF006BFF00C5A49D24FA7A6E48A46B15D7D45162BA4602604FD6328004F4F59171C9D48D1DAFEDE2A3EDAE065E664E56388F29CCCF192C92B9E4E030F32DCEA45EC7C3DF5EC1F8FE57EA1B5BFBCBDBFDC0AF1320D1BD86B6D2D5A9BE14F90B71E9D2964EBF33DA754854FD43066CA4AC1818AD3CAC3F64B80BEFAF0BD43224CAC897225FED2662EDDB6B9DBDDB57D23AEE3AE4F4ECB86336C86883D81F332C4DCC0F61D47BEBE6D2AEB7ACB2AA9BE580D7707DB89D1FA445BEA0C3F6C9FE0C95E9F07165C7FA9BAAF53C8468B1162B099C1552088D8904EF6E1D95E73E9416EBD87ED93FC2928BEAAEA19ADD4F2F11A7738CAE02C3C884F954EC37D696716E74FA468492857EA36FD373B64637D4531278CC8650A7B0C82727DF48FA60B7FCBBD796E78881881D8098A4B9FB28FE92FF00F5DD73C71D7FD99E87E9916E81D7BFF0EDFE14B48D67DA874F2EF19D0B2A6C4FA33A94F0B5A48A761193AF12CB08B8BF7137F6D2FA917EA3F4362E664B197271A520CADAB11CDA2D58DC9B82B7AAE99FFF000FD53FDFFE88298A40FF00D3B9413BC800FF00EE14D2B5F336BF20FAFF0054CEC1FA7BA1B62CAD1C92431B3C80F99B8471B71277B1275EFA1FAB7A5C39BF5174A20714EA01525234255185CFB7835AB3FD57FF00F3BD03FF000EBFE1455DCEACCA3AEFD36091A7ADF6A4607DB5869963CCC83F5BCBD18B7FE5BE8884627F7413D0593E4DB73F0AE7FD0F13627D4FD470431F4E28E642B7D098A644527C45CD33ADF5EC3E91F53E4CE9D3965CD8B8039266917972893FBBD53E536DA91F42E49CCFAA33B2CA853910CD29506E019268DED7F7D61A57D222495BAF4F1127A97A2DF979377E4FEA126FBDF905AE5752EAD2F52FA7B15725CCB938D3BA348DAB3A327242C772771EEABFA6FAB8E91D7BD690DB1E566867EE0ACDF37F44807D947F5AF473D2FA933C1A61E6DE68C0F9438F9D7DDCAE3C0D6987963BD5543BD4A0D254A952830952A54A0095752A5004A952A5004ABAAAB02B40B41735EC3A7F4993A87D1F3C902179F1331A4555176643144AE00FB7DD5E4916C6BAD85D5FA861C6B1E2E43C288E650A86C399010923B745EDADA1953D2F5591C7D11D322C9056732D9118598247EA85363FB36F8D4FA987FE41D07C31D7FC28ABCFE6756CEEA132CD9B319DD345E417881E08005F6E95B27FA8FAB65C6B164CE258D4AB2A3430900AEDFDDD328BC0472589DFEB6EB17FCB12BE8B104763E0A7198FDD5AE6C797FE79C7902929E9172DD817D3923BFF005B4AF2B99D77A975088439B3FAD1A9E414C71AD88EE2880D30F5DEAAF1470B65C9E9C562801008E3B5D8004DBC4D32B72A70C9AF88AEE46BC783F81D8C1561F5A124100E46458DBFEEE4A674E1FF0058CBFEF67FB9AB8E9D77A98C9397F982720AFA7EA148D884BDF880C840F75313AEF535C87CA59C0C89005790451722A361FD9D3FA73C72F26913D48619F9B51DAE98DEB64F5FE9C0FEF325A7318EF3CA446FF696BCD7E5E428EE5481190AF716B31D38FB7C29B267E54995F9C694FE66F7F5542A35C0B7E00A36ABCCEA79B9DC7F35334BC3E506C00F72802A91B728BE18D2BDC24A7192E38569DE06028FCDC00EA0CB183FD715E93E9D825C4EA59DD3A607D1119E77D8856E28DFD25635E5E3768DD5D4D9948653DC41B835B8F57EA2F01C66C991A16BF2526E483B8E56E56F0BD6DCB72960A946A98990B918E2EB54CCA145C58DC761EFAECF51E9F9098DD33A862A3396C7801E0092248D54A1D3BF6F75716FADEB6C1D5FA8E3DBD1C975E28B1A8D194220B280AC0AE9ECA79C24F4B8D30AE62C2715552AE34C8EBF5FC98E1FA87126BE902C4653DC0BB13FEA9BD68FCB37FCE1EB71F2FA7EB72ECB7A5E8DEBCB4B3492C8D248C5DDCDDD98DC935A4755CFFCB7E53F30FF0097B71F4F4F97F5795B95BC2F53762544935E5717DE3ABF1AB6D3F36A5DC76FA5642E74BD671C6BF9B0ED08FD653CD3EE2B5E66482418ED332908494B916BB589207B2DAD6888E563C892C61A1900E71BFCA789FC5AF6568CE9339F2639E5C84CB940BC6EBC59478706455FB2B291849A52862971E41A9492AA754DFDA77FA865FE57EA7C324DA39A1F45FF00A6EDC7FD6B5791EB385F93CF9F180B2A39E1FCC6F327D86B465753EA33CB1C993217971CF28CB47182A41BF620BFBEB367F51CBCF657CB93D5741656E08A6C7B2E8AB7F7D642D4A2D659518D3B919279E75469FA554FF9EE1FB64FF0A4A47D523FF3BCCFE7AFFB0B4AC2EA799D3DDA4C493D2771C59B8231B0ECF3AB5BDD49EA1D4B2B3E412E5B8964038F3E2886DE3C156FEFAC945EBAF0A50D525A34F1AD4EE7D200BE1759897591F1D42A8DCF9661A7C6AFE9C8644FA73ADCACA423C322A93DA5229397C2F5E770BA865E04BEB624AD0C96B725B6A3B886B83EFAD8BF53F5B0F230CC6265003F258DC102FA0564200D7B2A528BABEA5232545D0EAF478659FE8BEA91C4A5DCCC4851A93C560636F70A0CB3F97FA131626D1F2662429DEDCDE407E0A2B5F47833D3E91CD7811D6796633E3F01C58AAFA5E640BFCC36B7BABCC67753EA1D4DE3FCDCCD90C838C42C07CDDC100D4D2D2ADF4635689761DEFA971A79BE9BE84F12170B0C686C2F669228C2FC6D4DFAAB3A3C3FA8BA4F9BC98411E43DCACF66BFF4569DD7A5EAFD2FA2F489B14BC126342B16415008525231C5C1B8F997B6BC3E6676465E43E4643996690DDDDB73D9D94A95466CEE7D6B813BFD42ED1A34833563683882DCC8458ECB6DCF969FFF00A7C9E8F5FC88988BAE348BA1B8244916DDFB57153EA4EB3161FE4A3CB9171EDC426970B6B710E47203D86B161F52CAC0C85C9C490C3325F8BADB63B8B1B8343C8D474B1FA5646560F556589BD4C678E655B1B955696392DECB9BFB2BAFD724393F4374AC8C9D321640885BE66451227DAAAA6BCEB7D47D5CE43E57E72413C854BC808527D3BF11A0F94723A6D48EA7D73A8F54657CE9DA7282C80D82ADF7B2A80BF65601CD6DEAAAEA561A4A952A56984A952A5005D4A95280254ABA95A04A355A8AB4D55AD4856C88B4E55AA55A6A8AAC5136CB514C55AA514E45AA45136CA0B4C55AB0B46AB555126D902D181500ABA74846CB152A0049B0D4D5B1893FB49003FAA3534B3B9082ACE4A3DA093791428C52C4E4D8C38ED226C246B8527DBA015B061E618FD5966C6C350A1F873E523022E2CA80FDF517BC82555194973A511486DEE4E5A62AAF9216B1BB29603CA3763A01EFAB6F463505E41A8BD80BFBAF4A7923088AF24933DCE9F28B1EEDCD321C9F462E10411C446BEB302F29F7C9CBF45734FDC26DD20943ED67A36FD8F71249CB4C6BCDE3F02D64561FBB84C9A6ADCB4FB856A8F0F3258D7D59E0C587B19DC723EC54BB57366CC762CE5CB311AB1EFACAF33B7E2DBBFC6B9A7B8B92F349CBBCEF8FB1D98A5AA6EBC688EFCDD3BA64717393A84B913117B4480212361E6AE533C7CAF348C0F69E5663580C8E0DCB5EDA5197594707F30F1ECA9EBE83CBDA36EE2D425253E153527E6039383941C7120AB5F910771AF94D6810850AD96C897DD40BB1FEA902B953634F0A07C76631C9707B81B6A3F8A9718901FDE396F6EDA5514E51558C9C7B0F357B7DF9561E9AAA74D72C0EA6449811A2B246CDC8E80B5F4F60A4FA9846DCE3600DF958916EEDC1A4348AE05FB3B469514DB5527EFB0ADFEE2E7EA91D50F647A7C575297D2B01871E2947281FB40E2FBEBFB42B3BA346C51C5994D88F11468183F2BDBB491BDAB662CB92262D1C432628C722A504961FB4AC0E95586E5E52F17666715FD85FB356E3AA0BF344E7961DC2FECA5B31BDEB6FA58792EA2193D163F37A84B2DFF9CA2E3E1532FA4E440C046F1E4A32F2F52124A8D48E2798537AB2B90964D1CC9980BF700292C2F5B074DEA0E6D1E34AE4EDC519AFF0158CD1543A16C284D19A122958E85914045348A022959A80A956455561A4A952A5004A952A5005D5D555D6812AD45CD50A6A2D6A46361A2D3956A9169CAB558C494A440B44168D568C2D51449B902AB4E5154AB4C55AA45092658146055014688CE6CA093BE94F91320151DE38979CCDC53B3BCF828A72AC08AAEF2090906F1477E4A7B39371E36EDD0D26331248722502793508849023BDD548DEC4573DEDDC21E18B4DF3E4756DF637EF3F0C25409527C82142B22EEB0A8E4F61BF2FE1F0A9C61C63AD91B6216C5BDEC4FE9A5C93B30F4C0E209BF14EDB77B3520D8B5DAE4F76F5C72DD462DFA6B549FF00D93C647B1B7F65C13DC49FF4EDBA47BE46C8F2249498A2630C4EC1999B97E10402C46FF31ECA8C98C842BBB4CD73720F15D3C37ACE56451C5C84006D7D6C7B29523D8B08EE16B9673949D64F53E67AD6F6F6ED2D304ADC794153F89A9A48D581038DC6800A43CF703B0004DBD829264D08DCED5924F51C9B9D2E34AD506CCB9B856D522B53FF00598C972A353A924D676C866F90581ED34698BC8D80F1F8D6DC7C1D76D6DB91E06AA9451C3296E2E66D5B5F4E3F6985229A422F7E2DDA2B643D38B2336BBA853AFE23635D3C5C344642D6B8F358F89515AA355F4C462C5895161AE858D1DC346D28F1D4F9B33AE1C1087819AD0BAB191B72A0688E07EC9FB2E29430B16390265A130A685A23E6616B5D6F707CC6BA5C10BAB5F89B000EC0EBCC69FD1A1550C888E3CC75B1DEFBF6789ADA1BCF17DC71E7C3804AFE83B88EFE457E25EC4F9795B89BD2C634DE6E085C28E4C52E6C2F6248DC0F75758E2A1669187CC42A2DBB1745FB68161CBC6B3634EF0CAE0A974622F7B696F122F5AE306BCBA5F34241DF83AC6E7A91FD37163DD24726CA4E878F8765322965858488E5251F2BA9208AD99F2E665ABB4890BB2A91F98F4F8C8785AEE586E4ED5CB93D788DA452A4585CED7B5EA2E0D6475C6FC64A938B8F4AD51DC5C8E979D0AC79F095CA5007E7216B3117DDD3F1562C7C4CE68E4922941480737467556E362C4A8B9BD80AC01DADA51A4CE84721B1BDEB54F84A3A8E4BFEDBB7B8EA9CA0DF4AC4DBEB02A8F38642DAAC8BB1B697D3434F7C2F571DA5F5A1C8450CE43795D5505DB43E1DD599E6FCC22248DC591782100050A496D57E56D58F6513E22438E92E3C8DEA1BFAC00F26E6D6DEDA5378563174E9C4F2373EDF7B6F5935AA1FAE19088F1705D0B88B9A8B0678D988566B900EBE068BFCBBA5CD0B08DA48F20DB812EA631AEB7429CB6FDAAB7F4672A9951848C5D8482FC9AFD9CC0D7C2F4993D686CE8DF998869AE8E83EFA74DBF2C9F64BF139537C24D3E5230E574FC8C6BB300D103612AEAA6FB56422BA1366AB44C888559F4625AE2DA6DA7856122AAAB4C732D16E9E2CC5114245308A022863206A54A958692A54A940175755575A0120D6B422D2E315A235AA411393188B4F55A145A72AD5E288499156880A30B45C6A8A24DB0B1E3577F37CA01240DCDA9C5540F2C26FBEBCAD6FB282250ACB230051482791214DBB3420FC2B4754EBD37549CC58312E3C2362000F61F89DEDF67E9AE5DD39A945426D37F962776CEF6DE1097ADB7579D70949D30E466695030511027C397F1D39866344C7D3F4A28C859588E3C797611BF676D2F0F12185C3CD2005D82BCCE6C003BF107F94D497AA64E434B021591F21FD49788B17372469D9F3573DF8DC8C546E4E729BC54570ED3D0D95EB172E395BDBEDECC22D6A94DE34FA44BB46C75E446C2C74A2831E7C83E9E340D291B950491ED234AD783870732736431B6C3800CABE2EC48DBC2B38EA3931065865648DF42AA7CAC2B9E76A70A39A71D4B0A9EADBDD5ABDAA3B79C272B783E5FC444D04EA59400645366553A29F13B54BAC2AC82CD276B77780A0323BAF1D85EFA78D548445BE875A44AB916AE9559CABD164534963763727B2945A4720A8B03A508532153BDF73A9AD38F031E365D093DFA55616EAF0556CE6BB7DD2B5D1040A41D8C6E6FB0FF4512E3F23E5F2DCDADBED7ADF8D86C64550752DB9D37DAB77F9367A21770A5149D469A6BAAF7D55D99C738D0E65B9DBC9D14D3398B88A1485F985AF7F75EB404B2BF1B152B6B0D3617BD0FA6A0B0B151C8DD4EF70EB567892DB1B81BFF309D6969D0B570C3218CCE08B6EBF8BFA636A2573AFECF1627716E6D4B490721C6E2C4920DBBD186BAE9AD15B805BDEE2C06FB090FF001D68AD8C4915F8EBADADCAF6B59546BFD6A30F601B437EED2D7BF6FC2B2197D3E496D119469AE81477FF0036A1CA62395EE2F6BEF6B585A830D6AA51C86218228F87CBF6EB51D5746DD8E9191BDC8F31F72E95943C9E68EE493D80EBC6DC7C698A496E47CA4586A35B31BB1ECEC5A130341883911ECA2C58DBB8797DC0525E28A5B3C8BE5D55076F13F796AD0ACCA8A776624DB4BF1BDCFDB6146DC58F981122582A77F23A1F79AD32A7321C0C48E7099BFBAC79C9F4E54F9A2B6B7F15EFD2B9AC43123B57E6536E56FF00DA1E35DF318652A7CDCBCAC01B820EF73DDDD587A8F4C0009223AA9F9907C9DB6B7F0359A20F07C727C8C95CBD0A4AD3D4B8DB7949747CCE770FD53A765360C87C76BB0D0FC2905F8BF192C920D8FE07FE2FE1B54F5640DC1F4B1F754676E517D3833AACEE6CDE8B4B0794A12E1DA8EB3E5C7D4131E1C86E31E3DF888CF0621F8DC13620FCBA5EB953CB2C190D1BB043B831DB8F13A8F2AFF0F0A7340E352ACB70086B6857BE872234C855B1B489A027F10BDEC48A7B53C74DCC9E479FBEF6D8383B9B75569F8ADC715DC521C4C891466466C7678AC848BFEB58827DA2F5CEC9C76C790A36BDA0F783B5683EB63E856CA7BFCC2FE06B3C8CD231773763A935D31834DE358F03C749C5B4FE0F346722808A7114B614343A624D551B0A0A518952A54A002AB51AD551A0AD4631D18AD318A4C62B420ABC111931C829CA29694E51578A21261A8A302A9698A2AA9136C2C9539251578AA050B702C4586BE51B9F1EDA44F36162398304FADA0BBB0E3E7E2395C0BDF89B8D3EDA64F14D245C21D7968FDF63A71F0BF69A2C5C64C53CD35946AD2EC41EDE27F081FCB5C7E8BF564AD562D6329CFAF22AA6B478B1AE51473A583327901C82C8156F66014DBC1077D7671FA561F4CC28F2326658B2F216F1C2C0B3FA64137F283E63A5BC2B1E4E724B966657F5E4938F263737B2DB4ED637A28B0A599FD5CB620DEE630753ED20E83C05735A8DD95DF078E51966F15DA3B9A517AFC2A824B65E7D9507A58C78F3F017BFCD6049F0AD871A08E042141E07F78CC4F26DAD5A2CA05D8848D46A760A2B8B939534EF6BDA3FC0A0E8BDF71DF5D1BAB70842971BB97A78D797F03ABDAA575DE572DD2DD9B7E197D55E014B3243C8A806437E2ABB282690B1C9248A5F40C2DAF8D1C4919171AB11DB7BD3B4B84BDC000DCED7BDEB8545247BF296A7A98A1100D60F71ADCFC2BA9838DEA0041B000FC0695CF65223E7B1B371B78569C1CC5745E0F66BDD94FF0010AEFDA45699D3CD5C7B0F2FDC5B4E0B851FC4EF63B2E041365438E72F2940F462D6EC09B12BA115D6C4CA9F3BA689F231CE34CC1AF131D8767C6BCFE0418D17501D45E794C96364E4026A2DB574F3FAA8923E107956DAB5EC34AD9DB72960ABD4E1534962727A97A5195205C82AB7BEFAD6405D55797EB056B6BDA53EE35973F24644C9123172B791C0D805F1D6B42FEED41B7CCE6DA8F9598107C2A1B8494E8B3D38F69EA6C27276157F53A760264600EC49EFB1D6C3B34EEAB95C33BB5AC16E8C05C0B965342D2271215CF1520EA3B7C7E3425C97246EC45F5B37CCEDAFF56A27536490F30CD70C0924926DA0E56B8A5332A292B72D72343A1B93572AB7A4C0FE202E00D2F61FF6A97295D24274278303A1B904FB29ED454AE422F272257AE385B9CD2AB8C5B553646CCE8097B15B8B0F1F1A6A8C578CC66DCF5173B8245BF4D73E2468A4E2BE65736D7B09EFAA8920C495F1B22575966B7A648BAA9BE86BD97084528A4A313E7BD4B939394AE4E52CCEBC66709E46E5B0E1E37EFB512670F26CCBADFC2C2D4880CB11F47214AC8A7471B1B504C55731FB495058E9A7256F7F6579DBAB318AD7054C7147A7B1DCCE6FD3B8F561E1971C0E88CB8DC712A092483D9B5E8E37827BAA7EEF8DEE74D94F1B5EB9ACD641C7E625B88D41D035B7A37C855858EA44CC4C6C4EDCBCCC07B36AE54F8723D1692554372FA6E2CFE490703D800F37222B96FD2FA8091A331B4C91A734994136441B311B6834BFBB4B5772097D58C0E3C1B8AEA6DB1A349BD370D12B3BEFCCE9AAF89AD78A69E44DC3F98AE47C3359B5F9BA33CB6519648A3726E611C34FD52C581FEB31ABBDB948473B22B5B606E175D2DAEB7AEA7573D3A0990A868DE58CB4D1EE85C923C8477F68AE3C19A238CAB2F260084276B1EC3ECA145CA314D574BF8A2372F5BB77AE4A1370F5ADBAD3385C5F88EC7CAC6E779B9A21B730A03961DBBF11F1AE7B9058951604E83B854BD51AB46118D74AA54E0BBB8BB7B4FA8F538AA27455F880452D8538D0115AD13421852CD3D8529854DA1D302A55D4AC34BA6C629637A74629A22C87A0AD118A4A0A7A0AE88A2126394539696829AA2AF123218A29AA296B4C06AB124C22E91AF370480400A3724D65F4723325F5253FBAD949B85E3FB0A0F6D6D8DDD4DD0953DE34A616791B9392CDA0B9373602C3ECA95CDB3BB34E52F025E55CCD5714560BC42A2C78226E51A00D6B17DDBE3D9EEA7A8A816880AE985B8C1522945742329393C5D4C9D4A5090A47720B9E57F05ECF7D70E57E2C5810C36B8AEAF5366190E2363E50AB60BB8B5EBCFCEED723515E3EE27AEF4DF5A2EC47D2D88FA1B4B5158B71D7DF2C4D904E92103F15AD5A138B05249BEC4570C3152083A8ADF0665CAF2B1B1BDFC6D52A0F6B735F0C96274D19005504DCDC2F6E82DD958E4C6943738411CB5B6DBD688CAE8C05ECA078DC9D698D296041B01FAA476016F37C688CA507AA2E874DCB50B91A4B233A656758062C5EE06FA69561B265E4AE4ADAC036A45EF6A6BCB636170AB73A696008036A8581F2990DD4037ED00063567BBBD4A6BA1CEB63613AE9AD380C820584A5C87321B1D473F3020D32102E2CA41E5723B1B85B7D3B2D4A52B212CE59485407C7C9F86FAF6D1471A1E262249E2E40275FE1E1516EAEAF1674AA2492544310C9E46D79B7601A6813514B675604DEC5CF60FD51D83FA54C28AAB198CEA188E37B1E771EFA274760068AAEDAA93A5FCA2B00CF21E659AFCB5E5617DEFE3ECA4CB66478EE02B680EA75F28ECEDF2D6B318201FD6D0B72DC053A78D098072BFABA8236206C6DC68C534D66B20693547C4C70E7043E9E55AE2C438FB2F5D38F3F027E2D2F02C9B330BEB58E7E9E922924DDD46B6DC1B5FF0048AC2DD39964F4F736DC9B0DED5D91DEBD295C55A71AD0F32F7B7789B864CEFE675EE9EB1000FAD26CB1AF7FB6B16224AF21CA9C1124CC4917B855B10AB558DD323540FC0C8FC796839768DAB5BFA6154DC2346F62AC08D3CC16C177DEA57AFBB982544746D766ACBD4F1902595535D483C830F25F543AFC691331F4A002E78175B8D9406200D298B71230B8E463D4F1FD9036A5B312CA7901CBD5B0B102ECC788D08A82475CB2C8DB88D20896C0B7E12CC6C078EB5B1A47166671DA2E2D7B7B5AB0E33725011EE2C49283B3B3604FDB5AC1F27A9C0A5B4E46C973EFBEF4C8C6CC3D6E012E00994F3680824922FC58DBF48AF3A1ABD275894274E9548BBB711B8D0137ECF6579806A91679BBC4BD574E4AA301A9557AB14E7212A88A2B551AD014C294C29ED4A6148D0C84D4AB3BD4A51C251AD3E31494DEB420A78A1243E315A1052505688C574411CF2635053945020A728ABC511932D45101500A2154489B612D35694298A69E2231A0D4A106AE9EA21CFCF50721816B8B023968079469E35CB9313D42081DBECD2BB99B097412A0BBA687D97B83EE35CFE478DF7D771E15E1EE60E17A6B9BAAEC67D66CA70BFB5B6DAF2C541AEB1C0C83A645A96B9F0A093062B5A3BDFBF7FB6B7B1B92C4D942DCD85C9E5514064E2AA093A79B4E3A76FF00A2A3565FD1B34A695DD99CB59A5C77F4DF61DD5A639B9F9C358EA6F7F0B569930E2953872208BDDBBEB992E0CB0F997E5F1AD26D5CB7825AE1F2362B8693CE14311A1D751DB7AB5080D9AC2EC351B58FF2D72DA59D37B8EEAB8B36453E7D41ADD24D6E615A34E2760BC76E44F246006F62BE5D07DB471427882002402C2CDA1DF4F0DEB14396A7E53C4E80DF5EEAD808F3329B8238F1F1200FD34178B52554EA68560157E45E5CAC3B37EDF1A157165B6BDA2CBA6FDD40644252CDCC80795C79D4D9B6F0F0A52F2B8560C45BCC6F7BEFB1AC1AA6B0CBC1C5FCCD6B85215751F66F567D604961CAE7CADA5FE663DD6ACBCD808EE030DB89EC165B71F8D02CA5469E5B8375037166340391A890AC45880540E571D805F8D412C77B105BF55811B0726D6ACE5B5908B686CAA49DB45A05BF247D0A11A9EEF9B41F1A0C5334FABC9598F20146A07E1BAE97FB28CC85C7A6B20F312159B7B86D35FD5359782AA28B595BCC0DF5007F1DAAD425846085EE2752BFCB5A8DAD4D83E6219591B81B11AD9801F27B6B14931134682C39A2B2EC7BCF13EFD69E164D49018CA3DE3B49AE44937FC6C8E9E78CB1553FB3B0FB2825727A69D59E871E52ACBC9D54AD880C3400AE97F37856F7655849B8096E448DAB93D365E44282D6B2854D2D6ED36B76536497D679D39129C8AA83A7116EC15A877C0C9F504EBC228574249671D961F2D71456CEAD224B9AFC0DD52C97EF2BBFDB58C0AA247957A5AAE49F5085101540510A744597544515AA8D30A2C8A530A79A53D2B19086DEAAADAAAA7C47191D698C5668EB5475481399A1056841488EB4A574C11090D4A72D245354D5A246432AC508A214E20428C500A314E856103454352F4C2860D8DEB99990889BC9B37C83B87E23ED15D0A56544268185BCC976536B9D3E61EF15CBBCB4A76F52F3431EEE277FB6EE5D9BCA2FC975A8BEDE0CE492B6001E252E4EBB69AEDDD440A9000B718FB893E4FD6B769A02841048DC80411DFA9A066F28724804163FA0579343E8DBA1AD265D54031C63CCC45C955ECBF89AB93CC39A8E66E10462D6BDAFAFB2B2DECABCC80000CD71724D1193882B7B9E41B98D0973E140CA411C649AEE7CEF7D076123703D949FF2D89D49ED73E43FB2376A733685362A0468483725B52D6A865555511EAB6E2DC80D1137A09CA16E5E68985BA74CAAA63B90F62A7C09D2A24D911310C0D94D8E874208AEA89E3336963A7A80EA029B59050A9500A86E772A8DC741B16735A27A3158C24E061FCEC4CE0B6848D7DA16D469971922EC7B6E76A7BC10CA9CCAA2DC9B1D09BB9B2DFEFA53F4D41294082E49E36F020022DDF7A0C71BAB15A65F604B229E3E7D7901BE9B0A1E7170B122F72A7B8E96ACFF00E5EE345BDEE6E3B45881FA697262E482E410C10DC9DB5F6502B9DC59C1F7623A6CA3A90B6B9B1EDA41CCC802E08EEB11DD42F164AE9C0866D6C36B55263E43DFCB6EDD68A1294EE3745A8D10672BD83E8DEDB0AD07261424B302482BA6F6EEAC43008B1637077F0AD0B8610E8A48D3E1DF460520EF5314975193654B3208F194A2B0E3CBB48EEABC38390461A97B1E24F8DBB06BAD698F16C86E7822E884E86FAEDE34F791518B40072248727F5CA9D4775EF4145075AB75C0B880C7758D6FEA4A2F63A8403B06BDE6A06408ECC6DE76724F86BF752037991C6BC54DC8D3B3FD14798553064E3BC845C9DF56B9AD8E66DD968B729724CE2BB177673BB127E3500ABB55815648F19B201456A828A9D215B2AD5468A84D6980352DE98D4B6A563210F4344F4352E25380C8EB5475963AD519AA409CCD51D684ACC869E86BA6273C87AD3052969AB5644986B462A80A2154423080A3514228C1A64230AD55501A94C6146A29B723DCAC7ECA9501E218F87DF52BCE96E6FE965B6CB55FB4B9DC8FCCE7C8E18F19351AF9FB6B34D8E444557CD616BF69A296D6BEE0EDE3401EC6CC48B0BEDD95E21F58D7E02A40BC0DFB0A13A7655923D4160495E4011E35658804EF6B8DF53715456EEA4024DC5C9F6502D0312C7A1717641C77EC3DF548F003E5B83A6B6B8DA80F117234D00D3C284A71242E9603CDF0BD01563EF1382CAC564249B91A6D46E8BE9858D9592C4B31D0EDAA9F69ACBA0B3DEF7FFB3417241537B1361FD31419A8DBC7979C055282EBAF96E34B1A83D48D08B924FC8836F75632CC2CEBA6AA4F7FEAD36392455F4C8F301A37B1AD406AC721EDC8F0B5C70B732363607B684952BEA5AEC0836F941D741EF3AD033B88880DB136D77A67A8416BB5CEA7D9A50366C973C8F2DA31AE9DA76B7BE891598808346005CE9DFBDFDB55E63C46B62371DF425F4E4DF368A45FBEB50518F545504B480007504723A917B558923591B882483AB3E96607F88D662BEA2B21BDFB07796344E58A736B1208041FDA14030DA49654E4CD7921200F71FF004D15890E56DC8F1E43F9A45FECACE779403A8B5BE14684970FA6C2E37BDD6FFA28306C5A2A6D763636DB4277A5F532DE9C2AD6D791D3ECA2417B0080D9C923DB4AEA1712A2DEFC500D3C4934F6D788E7DECA9669FAA4918AD56055DA880ABA4794D956A828AAAD5B432A51A1344684D0001A5B534D29A958C843D0D13D0D4B894E01A6F5A63359577AD119A780B235A1A7A1ACA869EA6BA22CE79234A1A7A1ACA86B4255A2C8C90F5346294A6980D59324D062885003440D32158752A81A84D3184A19582E339DAE7EE15748CC6B42AA372491F60B5736EDFF00265D69F33BBDB235DDDBE9A9FD8607F9803A58D27E51AEC363E028A462D723B680EB616BD87FA4D7907D190EB65001BF6DFBF5345B31E40DADA77775000BCF4D000481EDAB170389EC3A7BB4A0086C78022D7D4FC6859B42E353B1F70AB17B904E8148FB2A5C14E3B827EC3A500C841E609275DBE143C77D7B537DE8C95B31BF97B3C2F54A00423F136B7FB283285706E0B616D755EFB9A22B767B0BE84027C4D426EC8175083B3BFF0096AC1B0E47424DBDD41B42D85D2F6ED3E3DA2A942962C6F760751B798D42416DF61FC0D40CC405163CCFCDDFDB4060C352498F90258DB91F60351AD736D4B35EC7DA284B9E4405208D6FEC3405CD94B137B0BDFC4D0151A5C966E1A1F86E6850852ABD8C5478550B7989D2F616F61DE892E381DD09173EFA0C20473C8476B6847B876548DB40BB5C6FEEBD571E2C45AE6C35BF7834762BA11750A6DF0A00D30A82EA01D01B1207777D619CF299DBBD8DBE35BF1B9089A5D6C013C4ED7AC2CB5D166354DF71E7FB8DCC610E49CBE22AD5628B8D4B55A879F52AD4268CD01A18204D09A22284D28C0134A7A63529E918C8536F4356DBD554F8942C6F4E4348A6A1AD898CD4869E86B321AD086AF164648D2869C8D5994D354D5E2C8C91A94DE8C1A4235303555324D0D068AF4A068B953545A0CE557CA940D5DEB6A65065E919A7F76874ED1EFBD32F439414E38BDAFAE9E06B9F78FF0092FB51DDED6BFF00547F6C8E5BEA6FF8771404D9F4ED048EEA8F7DBB35FBED42CC0F236BDFF8ED5E523E8184085B93B69B770156596CA49D5883F1D682E06FB6BF75404F353D971F75699C0B3E6BEA2F6BEBDD7AA5B831FB34F813437BAED722C2E3C41A206C13BEC2FEF045015CC82D720EC58017F6540099158900022DE3448CA4D8E9B6BEDA1E3C458EA38837F61A0D79056F396616E5C4E9EDB5502B64EE1D9E20DAA329175DC58B69E06ACB78036BDBB3617A0285E8588161E536F735A85AC10DAF75B8B7B0EF563CCD622D6276FDA17A849E0CC75BDF5FD9B0A00B6E484DB506E7BFC6ADCD81363617D7C46B50D81BA0D48234EDF28AB20716E448ED200F0A00AB7EF180D49D7FD6A2017F77A5D1BCBEFBD5DACC76BA83BF75C55295216E48B1B9F79A02845F2B1E36B90A2D7EFD29A8850A5FCA5458DF5D2D4A09AB760B76F6EF4D01800DD9C40B508D46C75E388DA8372A05BBB53588AD6B987EEE350771C88DB5DADF65278D7A16614B6BAE2785BEBBAB713FA7C3F0105284AD682B42569DC4E55233B2D0914F2B4A65A46874C530A59A730A530A46874C53525CD39E90E6A722911677AAA952A6392890D0D58DE84069435A10D6446A7A35562C9491A94D355AB3A35394D5E2C8C90F534C0D4953441AA899368706A2BD24351834E98AD0C068AF4028A990AC2BD548DC94C67B52FF0069A9489E4293A7714B1F89AE6DE7FC4BF723BFDAFF00C87FB1FDC649459C03A6F48205C8DC1B007DA6B5CFA3778ECF7D676036DBC3DF5E71EEC853ABDBCDB107C7B6887CE0EE17913EE16A137E03F56E7EFAA62791EC1623EDA04A1617CADE045BDBC6885AC87B6EBBF80A0B92ADC75B16FBA9976B85B0B1D45FD941AB208D997981A92A08F11A5E80ADBC835520F876D173607BAC4587B452F52A2DFAA081EFA0674C036D9EDBF9BEEA8C6E875D8E9FD51536918EA0156DFE1547546D6FA9FBA830316E66E7F54FD956148B15ECEC3ECAAB9F5175035B1BFB2ADC71525B507F8AD41A1F9AC9A69E506DECA007907D6C0DC0277D14540B692CB7B0D57E144E085B81622F7F80A0086DD835B1D77EEAB014AF206C54DADEFA9E62E0E9DB5770C12E4024DF4F6D06911873286E7F46F5B2185A46001DAD5982AAB7126FC88D469A9ADF8AA6342D6B7EA9F137A7B7172928AE24EF5D56ADCAE3745155FC0A97CCE4F60D07B05288A71140457ADA68A8B81F2EE6E4DB79B756248AAA630A022D4AD0C98B614B614C6A5B5231D0A61497A731A4BD4A452221CD67734E90D673A9A848BC4AA952A520C4A952A50686869E8D5981B1A6A3534589246B46A7A356446A72355A2C9491A83510348534D5AAA649A1AB4C14B5A3154423180D172A58352F4D516832F59BA82130A3836209527E045379549C830043A9279FC34150DD35E8BED475FB7C5FF731A72957E0655904B1DBF10DE92C96B9BFB0527D4F466046C743ECAD0DC59798D4579C7BB175C3919FCC5401DBF7DEAC9DC8DB5FBE8986835B1BEDEFA1D05EFECFB68068AB1F4DCF89BDE887CE05C9B696F75013E5F686A6DC192C342091EFB506228137B5AFA8B7C2A880234EC240BFC6AC82093DA78DEA80B84F77D8683422B6762ADA1DC7BEA8D821BEEA5AD44DA93A6A2DAFBE85AC50781D7E341A1372E4DDA083D952C40D06F7D0F8E97AB622E7D877F6D082DC16DDFF00A68342B9E44EE45C7D950DF422E09BDC7BED43A9737D481A7C6AD49B01F8AE0FDB400CF28949DADD87C4D1A00CE83623F8A94C352C6FE6D3ECA7EE7BADB50151D1239B023C45BDB5D128115507E1DFDA77A460C405E423402DAF7FF2D683726BD0D8DACEE3FDB1FBCF1FDDF70BC3623FBE5F7214CB4B614F2296C2BB5A3C84C430A5B5398521EA7229101A94D46C694E6A322A85B9ACF23531DAB3C8D519B2D142A46A555B1B9AAA832C8955575558692A54A941A4A25341560D061A15A9C8D5955A9CAD548B1248D48D4F46AC88D4E43568B23246A56A20D4956A306AA99368686A97A006AC1ADA994188ACEC146E6919B27194053A200A7B8D8532795A18C2A0F3358B37B761582690CA81C687B45716E2EEA7A16517F69EBEC76DE9C3D5979AE47C2B944EF7D20B1375097326B708D5625FF793B0451F7D71B2E3FC867E460BFCB1C8CA9FCDBF94FC2B6E1F50C4C2E951C2A639B265C813488E2602308008F58F85EC6E77355F5449839B9BF9CC494399517D5015D48751C7F1AADC580A83C8B45CFD47249E3F71CD96E0A91E1F7D7A7FA5BAA4F99D56283932E3E3E27A6B1DF42CBC6EC477DEBC8C72B28E0DA81DB5DBFA5B370F03A9C99195288A311951E566249236E0ADDD420B8F5C70C5D303167F539B2F071A099DA47C6696D231B92B270201275D0835E8A37EAB37D37D30E0B4AF334AE1CC658F94348A39FECEDBE95E4B21429650C1D413C585EC7D9C8035D9C9CEC33F4F60614392A72F164791D02C80D98C8C38B1402E390EDA1197178A292FCD5C83FAA9B047549171028B051371D17D51CAFB785AB6FD1F8F14B8B9266363983F2B17B91A47FB2D5CEFAA73313A8660CAC3903AB46AAC38B2B0617F9B9281B1ECA761756C3C187A541118A6F459A49E5613298DA46D78F1E20F934D9A8324E5A23155CBBF038B2F389DE171C4A1E241EF06BD57586CCE9D9F85D3FA62168E2851DA0452CB29E4C18BA0F9AFC77AF3DD79B165EA93CF872096199B982032905B56043AAFE2BD767FCEBA765753C0EAF34FE93E3C3E9CF0147672C396AA42F1B79BB4FBA81A726DC5B55C1E1D4E1F52924FF31C99991A12F2BB8471C5D79396008AF4F9F91D5A3C1E939788F218E3C649725B93046B08CF9FB093E35E63AAC91CFD432268DBF7734D23A31045D598906DBED5DBCCCBE9D95174D853A824431A010E4F926B91C50371FDD58FCBDB404937286182E95E07173F30CDD4A7CB80B47EA485D1B661737ECAF63973BC9F54C5D3E5FDE624F010F0B6A97B3B7203B0F977AF1B9C319F3E518CC1714C8444C43582761B58B7D95E967EADD24F5C1D61323D548A1E090AA481D9C861AF345502CDDF4197136D513F234BA723863266E93D598C4CDFF0F3326FF32A37120F8102BD467FFC2A4F938F2B39EA8C861018F9630A0B91EDBD791C9F53227795C6B2B1663E2C6E6BD3C9362C9D3F0E38A512498B1F061661AB05171C947EA9AA5A8EB9C62BF33A197E5E9AF525E2D11F17762BED328508A10766E7C6AAA5EA89AF6A31518A8ACA2A87CDDC9CAE4E5393ACA6EACA34B6344CD4A76AC930485B9ACEE698ED59DDAA1365E281634876A276A43B542522D140BB56691A8DDA904DEA1265E28AA952A54C725554A94012A54A941A554A952B0025269AA4D4A94D1158E4269EA4D4A95689290D526982F52A555549B085E885EA54A611933AE5CA0D05C966FD15CF1E5241BB2F854A95E6BF333E8B1D36F4E7A57C88C16C3BBF4D5F220DB8DC77D4A9580E95F07780C2337D6C7C6815645FECCDC54A94092D387EAE81163C6CEBEF156A56E6FE3B8F0A9528316BE9FEE186DC36D2F42025D7516F2D4A946051538E9098024DF7D3EEABE3192B636D0DFE152A503784170A14826EBDFEFA6109C8F1DFB2A54A0152B8102A153722DFA69B1816DC54A95A86599A17D35516B33785743105A1BFE363E61DC3B2A54AE8D9D3D68D7AD3B4E2F73FF1674E71AF6546DE84DEA54AF5D9F3685B1349726A54A9C87888726B3484D4A95CF32F033B93DD48727BAA54AE7954E88D0CEF7A1A952A2CAA2AA54A95869552A54A00FFD9');

insert into eventcategory (id, description) values (1, 'Concert');
insert into eventcategory (id, description) values (2, 'Theatre');
insert into eventcategory (id, description) values (3, 'Musical');
insert into eventcategory (id, description) values (4, 'Sporting');
insert into eventcategory (id, description) values (5, 'Comedy');

insert into event (id, name, document_id, startDate, endDate, category_id, major) values (1, 'Rock concert of the decade', 100, '2011-01-01', '2011-02-01', 1, true);
insert into event (id, name, document_id, startDate, endDate, category_id, major) values (2, 'Shane''s Sock Puppets', 101, '2011-01-01', '2011-02-01', 2, true);

insert into show (id, event_id, venue_id, showdate, layout_id) values (1, 1, 1, '2011-01-01 19:00', 1);
insert into show (id, event_id, venue_id, showdate, layout_id) values (2, 1, 1, '2011-01-02 19:00', 1);
insert into show (id, event_id, venue_id, showdate, layout_id) values (3, 1, 2, '2011-01-03 19:30', 1);
insert into show (id, event_id, venue_id, showdate, layout_id) values (4, 1, 2, '2011-01-04 19:30', 1);

insert into TicketCategory (id, description) values (1, 'Adult');
insert into TicketCategory (id, description) values (2, 'Child 0-14yrs');

insert into PriceCategory (id, event_id, venue_id, section_id, category_id, price) values (1, 1, 2, 100, 1, 167.75);
insert into PriceCategory (id, event_id, venue_id, section_id, category_id, price) values (2, 1, 2, 101, 1, 197.75);
insert into PriceCategory (id, event_id, venue_id, section_id, category_id, price) values (3, 1, 2, 102, 1, 167.75);
insert into PriceCategory (id, event_id, venue_id, section_id, category_id, price) values (4, 1, 2, 103, 1, 155.0);
insert into PriceCategory (id, event_id, venue_id, section_id, category_id, price) values (5, 1, 2, 104, 1, 155.0);
insert into PriceCategory (id, event_id, venue_id, section_id, category_id, price) values (6, 1, 2, 105, 1, 155.0);
insert into PriceCategory (id, event_id, venue_id, section_id, category_id, price) values (7, 1, 2, 106, 1, 122.5);
insert into PriceCategory (id, event_id, venue_id, section_id, category_id, price) values (8, 1, 2, 100, 2, 157.50);
insert into PriceCategory (id, event_id, venue_id, section_id, category_id, price) values (9, 1, 2, 101, 2, 187.50);
insert into PriceCategory (id, event_id, venue_id, section_id, category_id, price) values (10, 1, 2, 102, 2, 157.50);
insert into PriceCategory (id, event_id, venue_id, section_id, category_id, price) values (11, 1, 2, 103, 2, 145.0);
insert into PriceCategory (id, event_id, venue_id, section_id, category_id, price) values (12, 1, 2, 104, 2, 145.0);
insert into PriceCategory (id, event_id, venue_id, section_id, category_id, price) values (13, 1, 2, 105, 2, 145.0);
insert into PriceCategory (id, event_id, venue_id, section_id, category_id, price) values (14, 1, 2, 106, 2, 112.5);

insert into PriceCategory (id, event_id, venue_id, section_id, category_id, price) values (15, 1, 1, 1, 1, 219.50);
insert into PriceCategory (id, event_id, venue_id, section_id, category_id, price) values (16, 1, 1, 2, 1, 199.50);
insert into PriceCategory (id, event_id, venue_id, section_id, category_id, price) values (17, 1, 1, 3, 1, 179.50);
insert into PriceCategory (id, event_id, venue_id, section_id, category_id, price) values (18, 1, 1, 4, 1, 149.50);